NTP server number,NTP server IP/URL,Attempts,NTP status,Local time,Offset,Time tuple,Synchronization status
1,ntp1.inm.gov.co,1,True,2024-12-19 10:00:52.261568,-0.8988485336303711,"(2024, 12, 4, 19, 15, 0, 51, 362)",OK
1,ntp1.inm.gov.co,1,True,2024-12-19 10:01:01.376133,0.0021877288818359375,"(2024, 12, 4, 19, 15, 1, 1, 378)",OK
1,ntp1.inm.gov.co,1,True,2024-12-19 10:01:11.393005,0.0008068084716796875,"(2024, 12, 4, 19, 15, 1, 11, 393)",OK
1,ntp1.inm.gov.co,1,True,2024-12-19 10:01:21.404105,0.0017652511596679688,"(2024, 12, 4, 19, 15, 1, 21, 405)",OK
1,ntp1.inm.gov.co,1,True,2024-12-19 10:01:31.442232,0.0021457672119140625,"(2024, 12, 4, 19, 15, 1, 31, 444)",OK
1,ntp1.inm.gov.co,1,True,2024-12-19 10:01:41.464767,0.0012791156768798828,"(2024, 12, 4, 19, 15, 1, 41, 466)",OK
1,ntp1.inm.gov.co,1,True,2024-12-19 10:01:51.506139,0.0014100074768066406,"(2024, 12, 4, 19, 15, 1, 51, 507)",OK
1,ntp1.inm.gov.co,1,True,2024-12-19 10:02:01.525164,0.0018186569213867188,"(2024, 12, 4, 19, 15, 2, 1, 526)",OK
1,ntp1.inm.gov.co,1,True,2024-12-19 10:02:11.561328,0.0020351409912109375,"(2024, 12, 4, 19, 15, 2, 11, 563)",OK
1,ntp1.inm.gov.co,1,True,2024-12-19 10:02:21.571996,0.001786947250366211,"(2024, 12, 4, 19, 15, 2, 21, 573)",OK
1,ntp1.inm.gov.co,1,True,2024-12-19 10:02:31.589193,0.0011699199676513672,"(2024, 12, 4, 19, 15, 2, 31, 590)",OK
1,ntp1.inm.gov.co,1,True,2024-12-19 10:02:41.603095,0.0017549991607666016,"(2024, 12, 4, 19, 15, 2, 41, 604)",OK
1,ntp1.inm.gov.co,1,True,2024-12-19 10:02:51.627914,0.0016286373138427734,"(2024, 12, 4, 19, 15, 2, 51, 629)",OK
1,ntp1.inm.gov.co,1,True,2024-12-19 10:03:01.642657,0.0020341873168945312,"(2024, 12, 4, 19, 15, 3, 1, 644)",OK
1,ntp1.inm.gov.co,1,True,2024-12-19 10:03:11.669947,0.002056598663330078,"(2024, 12, 4, 19, 15, 3, 11, 672)",OK
1,ntp1.inm.gov.co,1,True,2024-12-19 10:03:21.687332,0.0012545585632324219,"(2024, 12, 4, 19, 15, 3, 21, 688)",OK
1,ntp1.inm.gov.co,1,True,2024-12-19 10:03:31.716337,0.0008792877197265625,"(2024, 12, 4, 19, 15, 3, 31, 717)",OK
1,ntp1.inm.gov.co,1,True,2024-12-19 10:03:41.737446,0.002507448196411133,"(2024, 12, 4, 19, 15, 3, 41, 739)",OK
1,ntp1.inm.gov.co,1,True,2024-12-19 10:03:51.773422,0.0010485649108886719,"(2024, 12, 4, 19, 15, 3, 51, 774)",OK
1,ntp1.inm.gov.co,1,True,2024-12-19 10:04:01.793061,0.0021300315856933594,"(2024, 12, 4, 19, 15, 4, 1, 795)",OK
1,ntp1.inm.gov.co,1,True,2024-12-19 10:04:11.825640,0.0010914802551269531,"(2024, 12, 4, 19, 15, 4, 11, 826)",OK
1,ntp1.inm.gov.co,1,True,2024-12-19 10:04:21.841340,0.0017900466918945312,"(2024, 12, 4, 19, 15, 4, 21, 843)",OK
1,ntp1.inm.gov.co,1,True,2024-12-19 10:04:31.881436,0.0005819797515869141,"(2024, 12, 4, 19, 15, 4, 31, 882)",OK
1,ntp1.inm.gov.co,1,True,2024-12-19 10:04:41.896238,0.0011568069458007812,"(2024, 12, 4, 19, 15, 4, 41, 897)",OK
1,ntp1.inm.gov.co,1,True,2024-12-19 10:04:51.938761,0.0014951229095458984,"(2024, 12, 4, 19, 15, 4, 51, 940)",OK
1,ntp1.inm.gov.co,1,True,2024-12-19 10:05:01.954055,0.0011708736419677734,"(2024, 12, 4, 19, 15, 5, 1, 955)",OK
1,ntp1.inm.gov.co,1,True,2024-12-19 10:05:11.975159,0.0014770030975341797,"(2024, 12, 4, 19, 15, 5, 11, 976)",OK
1,ntp1.inm.gov.co,1,True,2024-12-19 10:05:21.990627,0.0021677017211914062,"(2024, 12, 4, 19, 15, 5, 21, 992)",OK
1,ntp1.inm.gov.co,1,True,2024-12-19 10:05:32.028902,0.0015163421630859375,"(2024, 12, 4, 19, 15, 5, 32, 30)",OK
1,ntp1.inm.gov.co,1,True,2024-12-19 10:05:42.048361,0.0013089179992675781,"(2024, 12, 4, 19, 15, 5, 42, 49)",OK
1,ntp1.inm.gov.co,1,True,2024-12-19 10:05:52.078214,0.0013108253479003906,"(2024, 12, 4, 19, 15, 5, 52, 79)",OK
1,ntp1.inm.gov.co,1,True,2024-12-19 10:06:02.093674,0.0014476776123046875,"(2024, 12, 4, 19, 15, 6, 2, 95)",OK
1,ntp1.inm.gov.co,1,True,2024-12-19 10:06:12.109730,0.0008251667022705078,"(2024, 12, 4, 19, 15, 6, 12, 110)",OK
1,ntp1.inm.gov.co,1,True,2024-12-19 10:06:22.127907,0.0020399093627929688,"(2024, 12, 4, 19, 15, 6, 22, 129)",OK
1,ntp1.inm.gov.co,1,True,2024-12-19 10:06:32.168196,0.002217531204223633,"(2024, 12, 4, 19, 15, 6, 32, 170)",OK
1,ntp1.inm.gov.co,1,True,2024-12-19 10:06:42.189037,0.001432657241821289,"(2024, 12, 4, 19, 15, 6, 42, 190)",OK
1,ntp1.inm.gov.co,1,True,2024-12-19 10:06:52.221597,0.0013532638549804688,"(2024, 12, 4, 19, 15, 6, 52, 222)",OK
1,ntp1.inm.gov.co,1,True,2024-12-19 10:07:02.243453,0.002768993377685547,"(2024, 12, 4, 19, 15, 7, 2, 246)",OK
1,ntp1.inm.gov.co,1,True,2024-12-19 10:07:12.282952,0.0015671253204345703,"(2024, 12, 4, 19, 15, 7, 12, 284)",OK
1,ntp1.inm.gov.co,1,True,2024-12-19 10:07:22.305867,0.0018393993377685547,"(2024, 12, 4, 19, 15, 7, 22, 307)",OK
1,ntp1.inm.gov.co,1,True,2024-12-19 10:07:32.339694,0.0020248889923095703,"(2024, 12, 4, 19, 15, 7, 32, 341)",OK
1,ntp1.inm.gov.co,1,True,2024-12-19 10:07:42.357965,0.0024864673614501953,"(2024, 12, 4, 19, 15, 7, 42, 360)",OK
1,ntp1.inm.gov.co,1,True,2024-12-19 10:07:52.379301,0.0015270709991455078,"(2024, 12, 4, 19, 15, 7, 52, 380)",OK
1,ntp1.inm.gov.co,1,True,2024-12-19 10:08:02.398237,0.0017845630645751953,"(2024, 12, 4, 19, 15, 8, 2, 400)",OK
1,ntp1.inm.gov.co,1,True,2024-12-19 10:08:12.433992,0.0016779899597167969,"(2024, 12, 4, 19, 15, 8, 12, 435)",OK
1,ntp1.inm.gov.co,1,True,2024-12-19 10:08:22.454618,0.001455545425415039,"(2024, 12, 4, 19, 15, 8, 22, 456)",OK
1,ntp1.inm.gov.co,1,True,2024-12-19 10:08:32.488538,0.0016570091247558594,"(2024, 12, 4, 19, 15, 8, 32, 490)",OK
1,ntp1.inm.gov.co,1,True,2024-12-19 10:08:42.503603,0.0011620521545410156,"(2024, 12, 4, 19, 15, 8, 42, 504)",OK
1,ntp1.inm.gov.co,1,True,2024-12-19 10:08:52.522071,0.0027306079864501953,"(2024, 12, 4, 19, 15, 8, 52, 524)",OK
1,ntp1.inm.gov.co,1,True,2024-12-19 10:09:02.546965,0.0019199848175048828,"(2024, 12, 4, 19, 15, 9, 2, 548)",OK
1,ntp1.inm.gov.co,1,True,2024-12-19 10:09:12.573421,0.0022516250610351562,"(2024, 12, 4, 19, 15, 9, 12, 575)",OK
1,ntp1.inm.gov.co,1,True,2024-12-19 10:09:22.589595,0.002275705337524414,"(2024, 12, 4, 19, 15, 9, 22, 591)",OK
1,ntp1.inm.gov.co,1,True,2024-12-19 10:09:32.623994,0.0013167858123779297,"(2024, 12, 4, 19, 15, 9, 32, 625)",OK
1,ntp1.inm.gov.co,1,True,2024-12-19 10:09:42.636610,0.0017819404602050781,"(2024, 12, 4, 19, 15, 9, 42, 638)",OK
1,ntp1.inm.gov.co,1,True,2024-12-19 10:09:52.670198,0.0012440681457519531,"(2024, 12, 4, 19, 15, 9, 52, 671)",OK
1,ntp1.inm.gov.co,1,True,2024-12-19 10:10:02.684134,0.0019314289093017578,"(2024, 12, 4, 19, 15, 10, 2, 686)",OK
1,ntp1.inm.gov.co,1,True,2024-12-19 10:10:12.719106,0.0005738735198974609,"(2024, 12, 4, 19, 15, 10, 12, 719)",OK
1,ntp1.inm.gov.co,1,True,2024-12-19 10:10:22.734103,0.0018627643585205078,"(2024, 12, 4, 19, 15, 10, 22, 735)",OK
1,ntp1.inm.gov.co,1,True,2024-12-19 10:10:32.756848,0.0020294189453125,"(2024, 12, 4, 19, 15, 10, 32, 758)",OK
1,ntp1.inm.gov.co,1,True,2024-12-19 10:10:42.795103,0.0014624595642089844,"(2024, 12, 4, 19, 15, 10, 42, 796)",OK
1,ntp1.inm.gov.co,1,True,2024-12-19 10:10:52.810097,0.0014183521270751953,"(2024, 12, 4, 19, 15, 10, 52, 811)",OK
1,ntp1.inm.gov.co,1,True,2024-12-19 10:11:02.846667,0.0010652542114257812,"(2024, 12, 4, 19, 15, 11, 2, 847)",OK
1,ntp1.inm.gov.co,1,True,2024-12-19 10:11:12.865781,0.0020864009857177734,"(2024, 12, 4, 19, 15, 11, 12, 867)",OK
1,ntp1.inm.gov.co,1,True,2024-12-19 10:11:22.886750,0.0020694732666015625,"(2024, 12, 4, 19, 15, 11, 22, 888)",OK
1,ntp1.inm.gov.co,1,True,2024-12-19 10:11:32.904143,0.0019860267639160156,"(2024, 12, 4, 19, 15, 11, 32, 906)",OK
1,ntp1.inm.gov.co,1,True,2024-12-19 10:11:42.938875,0.001239776611328125,"(2024, 12, 4, 19, 15, 11, 42, 940)",OK
1,ntp1.inm.gov.co,1,True,2024-12-19 10:11:52.957284,0.0004951953887939453,"(2024, 12, 4, 19, 15, 11, 52, 957)",OK
1,ntp1.inm.gov.co,1,True,2024-12-19 10:12:02.978024,0.002343416213989258,"(2024, 12, 4, 19, 15, 12, 2, 980)",OK
1,ntp1.inm.gov.co,1,True,2024-12-19 10:12:12.993486,0.0019249916076660156,"(2024, 12, 4, 19, 15, 12, 12, 995)",OK
1,ntp1.inm.gov.co,1,True,2024-12-19 10:12:23.023301,0.0010247230529785156,"(2024, 12, 4, 19, 15, 12, 23, 24)",OK
1,ntp1.inm.gov.co,1,True,2024-12-19 10:12:33.043190,0.0008053779602050781,"(2024, 12, 4, 19, 15, 12, 33, 43)",OK
1,ntp1.inm.gov.co,1,True,2024-12-19 10:12:43.148347,0.03613901138305664,"(2024, 12, 4, 19, 15, 12, 43, 184)",OK
1,ntp1.inm.gov.co,1,True,2024-12-19 10:12:53.204053,-0.03279900550842285,"(2024, 12, 4, 19, 15, 12, 53, 171)",OK
1,ntp1.inm.gov.co,1,True,2024-12-19 10:13:03.206524,0.0011222362518310547,"(2024, 12, 4, 19, 15, 13, 3, 207)",OK
1,ntp1.inm.gov.co,1,True,2024-12-19 10:13:13.220861,0.0010783672332763672,"(2024, 12, 4, 19, 15, 13, 13, 221)",OK
1,ntp1.inm.gov.co,1,True,2024-12-19 10:13:23.238213,0.002073526382446289,"(2024, 12, 4, 19, 15, 13, 23, 240)",OK
1,ntp1.inm.gov.co,1,True,2024-12-19 10:13:33.256493,0.002169370651245117,"(2024, 12, 4, 19, 15, 13, 33, 258)",OK
1,ntp1.inm.gov.co,1,True,2024-12-19 10:13:43.301281,0.0011630058288574219,"(2024, 12, 4, 19, 15, 13, 43, 302)",OK
1,ntp1.inm.gov.co,1,True,2024-12-19 10:13:53.319881,0.0018017292022705078,"(2024, 12, 4, 19, 15, 13, 53, 321)",OK
1,ntp1.inm.gov.co,1,True,2024-12-19 10:14:03.357901,0.0011811256408691406,"(2024, 12, 4, 19, 15, 14, 3, 359)",OK
1,ntp1.inm.gov.co,1,True,2024-12-19 10:14:13.379590,0.0017428398132324219,"(2024, 12, 4, 19, 15, 14, 13, 381)",OK
1,ntp1.inm.gov.co,1,True,2024-12-19 10:14:23.396540,0.0010411739349365234,"(2024, 12, 4, 19, 15, 14, 23, 397)",OK
1,ntp1.inm.gov.co,1,True,2024-12-19 10:14:33.419223,0.0017085075378417969,"(2024, 12, 4, 19, 15, 14, 33, 420)",OK
1,ntp1.inm.gov.co,1,True,2024-12-19 10:14:43.460709,0.0019042491912841797,"(2024, 12, 4, 19, 15, 14, 43, 462)",OK
1,ntp1.inm.gov.co,1,True,2024-12-19 10:14:53.487613,0.0014202594757080078,"(2024, 12, 4, 19, 15, 14, 53, 489)",OK
1,ntp1.inm.gov.co,1,True,2024-12-19 10:15:03.514441,0.0006799697875976562,"(2024, 12, 4, 19, 15, 15, 3, 515)",OK
1,ntp1.inm.gov.co,1,True,2024-12-19 10:15:13.534437,0.0008456707000732422,"(2024, 12, 4, 19, 15, 15, 13, 535)",OK
1,ntp1.inm.gov.co,1,True,2024-12-19 10:15:23.546334,0.0016829967498779297,"(2024, 12, 4, 19, 15, 15, 23, 548)",OK
1,ntp1.inm.gov.co,1,True,2024-12-19 10:15:33.567909,0.0019266605377197266,"(2024, 12, 4, 19, 15, 15, 33, 569)",OK
1,ntp1.inm.gov.co,1,True,2024-12-19 10:15:43.614650,0.0016548633575439453,"(2024, 12, 4, 19, 15, 15, 43, 616)",OK
1,ntp1.inm.gov.co,1,True,2024-12-19 10:15:53.635507,0.0013840198516845703,"(2024, 12, 4, 19, 15, 15, 53, 636)",OK
1,ntp1.inm.gov.co,1,True,2024-12-19 10:16:03.668733,0.0018427371978759766,"(2024, 12, 4, 19, 15, 16, 3, 670)",OK
1,ntp1.inm.gov.co,1,True,2024-12-19 10:16:13.695272,0.0018112659454345703,"(2024, 12, 4, 19, 15, 16, 13, 697)",OK
1,ntp1.inm.gov.co,1,True,2024-12-19 10:16:23.741363,0.006738185882568359,"(2024, 12, 4, 19, 15, 16, 23, 748)",OK
1,ntp1.inm.gov.co,1,True,2024-12-19 10:16:33.772104,-0.0046575069427490234,"(2024, 12, 4, 19, 15, 16, 33, 767)",OK
1,ntp1.inm.gov.co,1,True,2024-12-19 10:16:43.805404,0.0016694068908691406,"(2024, 12, 4, 19, 15, 16, 43, 807)",OK
1,ntp1.inm.gov.co,1,True,2024-12-19 10:16:53.819552,0.0007634162902832031,"(2024, 12, 4, 19, 15, 16, 53, 820)",OK
1,ntp1.inm.gov.co,1,True,2024-12-19 10:17:03.857008,0.0009748935699462891,"(2024, 12, 4, 19, 15, 17, 3, 857)",OK
1,ntp1.inm.gov.co,1,True,2024-12-19 10:17:13.873397,0.002377033233642578,"(2024, 12, 4, 19, 15, 17, 13, 875)",OK
1,ntp1.inm.gov.co,1,True,2024-12-19 10:17:23.897678,0.001184225082397461,"(2024, 12, 4, 19, 15, 17, 23, 898)",OK
1,ntp1.inm.gov.co,1,True,2024-12-19 10:17:33.922301,0.002471446990966797,"(2024, 12, 4, 19, 15, 17, 33, 924)",OK
1,ntp1.inm.gov.co,1,True,2024-12-19 10:17:43.955818,0.0020978450775146484,"(2024, 12, 4, 19, 15, 17, 43, 957)",OK
1,ntp1.inm.gov.co,1,True,2024-12-19 10:17:53.970010,0.0017058849334716797,"(2024, 12, 4, 19, 15, 17, 53, 971)",OK
1,ntp1.inm.gov.co,1,True,2024-12-19 10:18:04.009224,0.0016171932220458984,"(2024, 12, 4, 19, 15, 18, 4, 10)",OK
1,ntp1.inm.gov.co,1,True,2024-12-19 10:18:14.034493,0.0022842884063720703,"(2024, 12, 4, 19, 15, 18, 14, 36)",OK
1,ntp1.inm.gov.co,1,True,2024-12-19 10:18:24.068622,0.0012249946594238281,"(2024, 12, 4, 19, 15, 18, 24, 69)",OK
1,ntp1.inm.gov.co,1,True,2024-12-19 10:18:34.093698,0.002527952194213867,"(2024, 12, 4, 19, 15, 18, 34, 96)",OK
1,ntp1.inm.gov.co,1,True,2024-12-19 10:18:44.126093,0.00032210350036621094,"(2024, 12, 4, 19, 15, 18, 44, 126)",OK
1,ntp1.inm.gov.co,1,True,2024-12-19 10:18:54.136398,0.002041339874267578,"(2024, 12, 4, 19, 15, 18, 54, 138)",OK
1,ntp1.inm.gov.co,1,True,2024-12-19 10:19:04.176076,0.001775503158569336,"(2024, 12, 4, 19, 15, 19, 4, 177)",OK
1,ntp1.inm.gov.co,1,True,2024-12-19 10:19:14.187393,0.001332998275756836,"(2024, 12, 4, 19, 15, 19, 14, 188)",OK
1,ntp1.inm.gov.co,1,True,2024-12-19 10:19:24.201216,0.0012934207916259766,"(2024, 12, 4, 19, 15, 19, 24, 202)",OK
1,ntp1.inm.gov.co,1,True,2024-12-19 10:19:34.227744,0.0016012191772460938,"(2024, 12, 4, 19, 15, 19, 34, 229)",OK
1,ntp1.inm.gov.co,1,True,2024-12-19 10:19:44.268529,0.0012786388397216797,"(2024, 12, 4, 19, 15, 19, 44, 269)",OK
1,ntp1.inm.gov.co,1,True,2024-12-19 10:19:54.287483,0.0013899803161621094,"(2024, 12, 4, 19, 15, 19, 54, 288)",OK
1,ntp1.inm.gov.co,1,True,2024-12-19 10:20:04.325912,0.0027861595153808594,"(2024, 12, 4, 19, 15, 20, 4, 328)",OK
1,ntp1.inm.gov.co,1,True,2024-12-19 10:20:14.349707,0.0023927688598632812,"(2024, 12, 4, 19, 15, 20, 14, 352)",OK
1,ntp1.inm.gov.co,1,True,2024-12-19 10:20:24.386754,0.0006742477416992188,"(2024, 12, 4, 19, 15, 20, 24, 387)",OK
1,ntp1.inm.gov.co,1,True,2024-12-19 10:20:34.401596,0.0022068023681640625,"(2024, 12, 4, 19, 15, 20, 34, 403)",OK
1,ntp1.inm.gov.co,1,True,2024-12-19 10:20:44.434358,0.0018966197967529297,"(2024, 12, 4, 19, 15, 20, 44, 436)",OK
1,ntp1.inm.gov.co,1,True,2024-12-19 10:20:54.445569,0.0007379055023193359,"(2024, 12, 4, 19, 15, 20, 54, 446)",OK
1,ntp1.inm.gov.co,1,True,2024-12-19 10:21:04.477737,0.001665353775024414,"(2024, 12, 4, 19, 15, 21, 4, 479)",OK
1,ntp1.inm.gov.co,1,True,2024-12-19 10:21:14.497126,0.001554727554321289,"(2024, 12, 4, 19, 15, 21, 14, 498)",OK
1,ntp1.inm.gov.co,1,True,2024-12-19 10:21:24.537690,0.0015740394592285156,"(2024, 12, 4, 19, 15, 21, 24, 539)",OK
1,ntp1.inm.gov.co,1,True,2024-12-19 10:21:34.557073,0.0010929107666015625,"(2024, 12, 4, 19, 15, 21, 34, 558)",OK
1,ntp1.inm.gov.co,1,True,2024-12-19 10:21:44.590303,0.0007729530334472656,"(2024, 12, 4, 19, 15, 21, 44, 591)",OK
1,ntp1.inm.gov.co,1,True,2024-12-19 10:21:54.612598,0.0010962486267089844,"(2024, 12, 4, 19, 15, 21, 54, 613)",OK
1,ntp1.inm.gov.co,1,True,2024-12-19 10:22:04.652598,0.001149892807006836,"(2024, 12, 4, 19, 15, 22, 4, 653)",OK
1,ntp1.inm.gov.co,1,True,2024-12-19 10:22:14.672465,0.0027697086334228516,"(2024, 12, 4, 19, 15, 22, 14, 675)",OK
1,ntp1.inm.gov.co,1,True,2024-12-19 10:22:24.719419,0.0007178783416748047,"(2024, 12, 4, 19, 15, 22, 24, 720)",OK
1,ntp1.inm.gov.co,1,True,2024-12-19 10:22:34.745693,0.0009202957153320312,"(2024, 12, 4, 19, 15, 22, 34, 746)",OK
1,ntp1.inm.gov.co,1,True,2024-12-19 10:22:44.780632,0.0019621849060058594,"(2024, 12, 4, 19, 15, 22, 44, 782)",OK
1,ntp1.inm.gov.co,1,True,2024-12-19 10:22:54.800110,0.0014235973358154297,"(2024, 12, 4, 19, 15, 22, 54, 801)",OK
1,ntp1.inm.gov.co,1,True,2024-12-19 10:23:04.832643,0.001453399658203125,"(2024, 12, 4, 19, 15, 23, 4, 834)",OK
1,ntp1.inm.gov.co,1,True,2024-12-19 10:23:14.852496,0.0018944740295410156,"(2024, 12, 4, 19, 15, 23, 14, 854)",OK
1,ntp1.inm.gov.co,1,True,2024-12-19 10:23:24.882654,0.0011682510375976562,"(2024, 12, 4, 19, 15, 23, 24, 883)",OK
1,ntp1.inm.gov.co,1,True,2024-12-19 10:23:34.900618,0.0009508132934570312,"(2024, 12, 4, 19, 15, 23, 34, 901)",OK
1,ntp1.inm.gov.co,1,True,2024-12-19 10:23:44.934432,0.002199411392211914,"(2024, 12, 4, 19, 15, 23, 44, 936)",OK
1,ntp1.inm.gov.co,1,True,2024-12-19 10:23:54.961270,0.0016241073608398438,"(2024, 12, 4, 19, 15, 23, 54, 962)",OK
1,ntp1.inm.gov.co,1,True,2024-12-19 10:24:04.996553,0.0016994476318359375,"(2024, 12, 4, 19, 15, 24, 4, 998)",OK
1,ntp1.inm.gov.co,1,True,2024-12-19 10:24:15.016924,0.0008006095886230469,"(2024, 12, 4, 19, 15, 24, 15, 17)",OK
1,ntp1.inm.gov.co,1,True,2024-12-19 10:24:25.031645,0.0013213157653808594,"(2024, 12, 4, 19, 15, 24, 25, 32)",OK
1,ntp1.inm.gov.co,1,True,2024-12-19 10:24:35.049178,0.002705097198486328,"(2024, 12, 4, 19, 15, 24, 35, 51)",OK
1,ntp1.inm.gov.co,1,True,2024-12-19 10:24:45.088012,0.0005364418029785156,"(2024, 12, 4, 19, 15, 24, 45, 88)",OK
1,ntp1.inm.gov.co,1,True,2024-12-19 10:24:55.099712,0.0010156631469726562,"(2024, 12, 4, 19, 15, 24, 55, 100)",OK
1,ntp1.inm.gov.co,1,True,2024-12-19 10:25:05.143104,0.0020003318786621094,"(2024, 12, 4, 19, 15, 25, 5, 145)",OK
1,ntp1.inm.gov.co,1,True,2024-12-19 10:25:15.161223,0.0012233257293701172,"(2024, 12, 4, 19, 15, 25, 15, 162)",OK
1,ntp1.inm.gov.co,1,True,2024-12-19 10:25:25.194369,0.001180887222290039,"(2024, 12, 4, 19, 15, 25, 25, 195)",OK
1,ntp1.inm.gov.co,1,True,2024-12-19 10:25:35.220681,0.0021216869354248047,"(2024, 12, 4, 19, 15, 25, 35, 222)",OK
1,ntp1.inm.gov.co,1,True,2024-12-19 10:25:45.258767,0.001622915267944336,"(2024, 12, 4, 19, 15, 25, 45, 260)",OK
1,ntp1.inm.gov.co,1,True,2024-12-19 10:25:55.274507,0.001669168472290039,"(2024, 12, 4, 19, 15, 25, 55, 276)",OK
1,ntp1.inm.gov.co,1,True,2024-12-19 10:26:05.319109,0.0002903938293457031,"(2024, 12, 4, 19, 15, 26, 5, 319)",OK
1,ntp1.inm.gov.co,1,True,2024-12-19 10:26:15.332408,0.002116680145263672,"(2024, 12, 4, 19, 15, 26, 15, 334)",OK
1,ntp1.inm.gov.co,1,True,2024-12-19 10:26:25.372863,0.0013079643249511719,"(2024, 12, 4, 19, 15, 26, 25, 374)",OK
1,ntp1.inm.gov.co,1,True,2024-12-19 10:26:35.399672,0.0009942054748535156,"(2024, 12, 4, 19, 15, 26, 35, 400)",OK
1,ntp1.inm.gov.co,1,True,2024-12-19 10:26:45.436487,0.002020597457885742,"(2024, 12, 4, 19, 15, 26, 45, 438)",OK
1,ntp1.inm.gov.co,1,True,2024-12-19 10:26:55.460043,0.0017082691192626953,"(2024, 12, 4, 19, 15, 26, 55, 461)",OK
1,ntp1.inm.gov.co,1,True,2024-12-19 10:27:05.506847,0.001650094985961914,"(2024, 12, 4, 19, 15, 27, 5, 508)",OK
1,ntp1.inm.gov.co,1,True,2024-12-19 10:27:15.531627,0.0009768009185791016,"(2024, 12, 4, 19, 15, 27, 15, 532)",OK
1,ntp1.inm.gov.co,1,True,2024-12-19 10:27:25.563166,0.0016224384307861328,"(2024, 12, 4, 19, 15, 27, 25, 564)",OK
1,ntp1.inm.gov.co,1,True,2024-12-19 10:27:35.577581,0.0020096302032470703,"(2024, 12, 4, 19, 15, 27, 35, 579)",OK
1,ntp1.inm.gov.co,1,True,2024-12-19 10:27:45.618474,0.0013515949249267578,"(2024, 12, 4, 19, 15, 27, 45, 619)",OK
1,ntp1.inm.gov.co,1,True,2024-12-19 10:27:55.633032,0.001725912094116211,"(2024, 12, 4, 19, 15, 27, 55, 634)",OK
1,ntp1.inm.gov.co,1,True,2024-12-19 10:28:05.665068,0.0015552043914794922,"(2024, 12, 4, 19, 15, 28, 5, 666)",OK
1,ntp1.inm.gov.co,1,True,2024-12-19 10:28:15.683343,0.0016291141510009766,"(2024, 12, 4, 19, 15, 28, 15, 684)",OK
1,ntp1.inm.gov.co,1,True,2024-12-19 10:28:25.705806,0.0019197463989257812,"(2024, 12, 4, 19, 15, 28, 25, 707)",OK
1,ntp1.inm.gov.co,1,True,2024-12-19 10:28:35.722564,0.0016057491302490234,"(2024, 12, 4, 19, 15, 28, 35, 724)",OK
1,ntp1.inm.gov.co,1,True,2024-12-19 10:28:45.764166,0.0016040802001953125,"(2024, 12, 4, 19, 15, 28, 45, 765)",OK
1,ntp1.inm.gov.co,1,True,2024-12-19 10:28:55.784562,0.0014526844024658203,"(2024, 12, 4, 19, 15, 28, 55, 786)",OK
1,ntp1.inm.gov.co,1,True,2024-12-19 10:29:05.819681,0.0015728473663330078,"(2024, 12, 4, 19, 15, 29, 5, 821)",OK
1,ntp1.inm.gov.co,1,True,2024-12-19 10:29:15.834739,0.0014221668243408203,"(2024, 12, 4, 19, 15, 29, 15, 836)",OK
1,ntp1.inm.gov.co,1,True,2024-12-19 10:29:25.855792,0.00046133995056152344,"(2024, 12, 4, 19, 15, 29, 25, 856)",OK
1,ntp1.inm.gov.co,1,True,2024-12-19 10:29:35.872184,0.0018138885498046875,"(2024, 12, 4, 19, 15, 29, 35, 873)",OK
1,ntp1.inm.gov.co,1,True,2024-12-19 10:29:45.901866,0.002593994140625,"(2024, 12, 4, 19, 15, 29, 45, 904)",OK
1,ntp1.inm.gov.co,1,True,2024-12-19 10:29:55.922924,0.0013325214385986328,"(2024, 12, 4, 19, 15, 29, 55, 924)",OK
1,ntp1.inm.gov.co,1,True,2024-12-19 10:30:05.959440,0.0012869834899902344,"(2024, 12, 4, 19, 15, 30, 5, 960)",OK
1,ntp1.inm.gov.co,1,True,2024-12-19 10:30:15.982258,0.0022172927856445312,"(2024, 12, 4, 19, 15, 30, 15, 984)",OK
1,ntp1.inm.gov.co,1,True,2024-12-19 10:30:26.022926,0.0008716583251953125,"(2024, 12, 4, 19, 15, 30, 26, 23)",OK
1,ntp1.inm.gov.co,1,True,2024-12-19 10:30:36.036730,0.0026214122772216797,"(2024, 12, 4, 19, 15, 30, 36, 39)",OK
1,ntp1.inm.gov.co,1,True,2024-12-19 10:30:46.072455,0.0009064674377441406,"(2024, 12, 4, 19, 15, 30, 46, 73)",OK
1,ntp1.inm.gov.co,1,True,2024-12-19 10:30:56.092476,0.00091552734375,"(2024, 12, 4, 19, 15, 30, 56, 93)",OK
1,ntp1.inm.gov.co,1,True,2024-12-19 10:31:06.122613,0.001001596450805664,"(2024, 12, 4, 19, 15, 31, 6, 123)",OK
1,ntp1.inm.gov.co,1,True,2024-12-19 10:31:16.136099,0.001447916030883789,"(2024, 12, 4, 19, 15, 31, 16, 137)",OK
1,ntp1.inm.gov.co,1,True,2024-12-19 10:31:26.152594,0.0015799999237060547,"(2024, 12, 4, 19, 15, 31, 26, 154)",OK
1,ntp1.inm.gov.co,1,True,2024-12-19 10:31:36.177037,0.0010840892791748047,"(2024, 12, 4, 19, 15, 31, 36, 178)",OK
1,ntp1.inm.gov.co,1,True,2024-12-19 10:31:46.210912,0.0007152557373046875,"(2024, 12, 4, 19, 15, 31, 46, 211)",OK
1,ntp1.inm.gov.co,1,True,2024-12-19 10:31:56.225703,0.001829385757446289,"(2024, 12, 4, 19, 15, 31, 56, 227)",OK
1,ntp1.inm.gov.co,1,True,2024-12-19 10:32:06.269110,0.0012946128845214844,"(2024, 12, 4, 19, 15, 32, 6, 270)",OK
1,ntp1.inm.gov.co,1,True,2024-12-19 10:32:16.291578,0.0015568733215332031,"(2024, 12, 4, 19, 15, 32, 16, 293)",OK
1,ntp1.inm.gov.co,1,True,2024-12-19 10:32:26.334900,0.0010712146759033203,"(2024, 12, 4, 19, 15, 32, 26, 335)",OK
1,ntp1.inm.gov.co,1,True,2024-12-19 10:32:36.347307,0.0015397071838378906,"(2024, 12, 4, 19, 15, 32, 36, 348)",OK
1,ntp1.inm.gov.co,1,True,2024-12-19 10:32:46.386500,0.0017695426940917969,"(2024, 12, 4, 19, 15, 32, 46, 388)",OK
1,ntp1.inm.gov.co,1,True,2024-12-19 10:32:56.414017,0.0013461112976074219,"(2024, 12, 4, 19, 15, 32, 56, 415)",OK
1,ntp1.inm.gov.co,1,True,2024-12-19 10:33:06.444593,0.001672506332397461,"(2024, 12, 4, 19, 15, 33, 6, 446)",OK
1,ntp1.inm.gov.co,1,True,2024-12-19 10:33:16.467781,0.0005748271942138672,"(2024, 12, 4, 19, 15, 33, 16, 468)",OK
1,ntp1.inm.gov.co,1,True,2024-12-19 10:33:26.509165,0.0016579627990722656,"(2024, 12, 4, 19, 15, 33, 26, 510)",OK
1,ntp1.inm.gov.co,1,True,2024-12-19 10:33:36.525319,0.0025424957275390625,"(2024, 12, 4, 19, 15, 33, 36, 527)",OK
1,ntp1.inm.gov.co,1,True,2024-12-19 10:33:46.552694,0.001628875732421875,"(2024, 12, 4, 19, 15, 33, 46, 554)",OK
1,ntp1.inm.gov.co,1,True,2024-12-19 10:33:56.572254,0.0011250972747802734,"(2024, 12, 4, 19, 15, 33, 56, 573)",OK
1,ntp1.inm.gov.co,1,True,2024-12-19 10:34:06.613889,0.0020258426666259766,"(2024, 12, 4, 19, 15, 34, 6, 615)",OK
1,ntp1.inm.gov.co,1,True,2024-12-19 10:34:16.629321,0.0015687942504882812,"(2024, 12, 4, 19, 15, 34, 16, 630)",OK
1,ntp1.inm.gov.co,1,True,2024-12-19 10:34:26.660230,0.0019123554229736328,"(2024, 12, 4, 19, 15, 34, 26, 662)",OK
1,ntp1.inm.gov.co,1,True,2024-12-19 10:34:36.682865,0.0016329288482666016,"(2024, 12, 4, 19, 15, 34, 36, 684)",OK
1,ntp1.inm.gov.co,1,True,2024-12-19 10:34:46.711704,0.001119375228881836,"(2024, 12, 4, 19, 15, 34, 46, 712)",OK
1,ntp1.inm.gov.co,1,True,2024-12-19 10:34:56.726160,0.0030527114868164062,"(2024, 12, 4, 19, 15, 34, 56, 729)",OK
1,ntp1.inm.gov.co,1,True,2024-12-19 10:35:06.764466,0.0006222724914550781,"(2024, 12, 4, 19, 15, 35, 6, 765)",OK
1,ntp1.inm.gov.co,1,True,2024-12-19 10:35:16.788743,0.0018563270568847656,"(2024, 12, 4, 19, 15, 35, 16, 790)",OK
1,ntp1.inm.gov.co,1,True,2024-12-19 10:35:26.803702,0.001239776611328125,"(2024, 12, 4, 19, 15, 35, 26, 804)",OK
1,ntp1.inm.gov.co,1,True,2024-12-19 10:35:36.826657,0.001405954360961914,"(2024, 12, 4, 19, 15, 35, 36, 828)",OK
1,ntp1.inm.gov.co,1,True,2024-12-19 10:35:46.870483,0.0014879703521728516,"(2024, 12, 4, 19, 15, 35, 46, 871)",OK
1,ntp1.inm.gov.co,1,True,2024-12-19 10:35:56.891543,0.0019714832305908203,"(2024, 12, 4, 19, 15, 35, 56, 893)",OK
1,ntp1.inm.gov.co,1,True,2024-12-19 10:36:06.924477,0.0014214515686035156,"(2024, 12, 4, 19, 15, 36, 6, 925)",OK
1,ntp1.inm.gov.co,1,True,2024-12-19 10:36:16.939525,0.0015552043914794922,"(2024, 12, 4, 19, 15, 36, 16, 941)",OK
1,ntp1.inm.gov.co,1,True,2024-12-19 10:36:26.961969,0.0011219978332519531,"(2024, 12, 4, 19, 15, 36, 26, 963)",OK
1,ntp1.inm.gov.co,1,True,2024-12-19 10:36:36.987993,0.001216888427734375,"(2024, 12, 4, 19, 15, 36, 36, 989)",OK
1,ntp1.inm.gov.co,1,True,2024-12-19 10:36:47.026595,0.0015265941619873047,"(2024, 12, 4, 19, 15, 36, 47, 28)",OK
1,ntp1.inm.gov.co,1,True,2024-12-19 10:36:57.047852,0.0007736682891845703,"(2024, 12, 4, 19, 15, 36, 57, 48)",OK
1,ntp1.inm.gov.co,1,True,2024-12-19 10:37:07.068092,0.001438140869140625,"(2024, 12, 4, 19, 15, 37, 7, 69)",OK
1,ntp1.inm.gov.co,1,True,2024-12-19 10:37:17.083152,0.0016758441925048828,"(2024, 12, 4, 19, 15, 37, 17, 84)",OK
1,ntp1.inm.gov.co,1,True,2024-12-19 10:37:27.111815,0.0002894401550292969,"(2024, 12, 4, 19, 15, 37, 27, 112)",OK
1,ntp1.inm.gov.co,1,True,2024-12-19 10:37:37.138123,0.001371622085571289,"(2024, 12, 4, 19, 15, 37, 37, 139)",OK
1,ntp1.inm.gov.co,1,True,2024-12-19 10:37:47.161927,0.002001523971557617,"(2024, 12, 4, 19, 15, 37, 47, 163)",OK
1,ntp1.inm.gov.co,1,True,2024-12-19 10:37:57.179518,0.0020194053649902344,"(2024, 12, 4, 19, 15, 37, 57, 181)",OK
1,ntp1.inm.gov.co,1,True,2024-12-19 10:38:07.188788,0.0017323493957519531,"(2024, 12, 4, 19, 15, 38, 7, 190)",OK
1,ntp1.inm.gov.co,1,True,2024-12-19 10:38:17.206309,0.001104593276977539,"(2024, 12, 4, 19, 15, 38, 17, 207)",OK
1,ntp1.inm.gov.co,1,True,2024-12-19 10:38:27.221790,0.0005304813385009766,"(2024, 12, 4, 19, 15, 38, 27, 222)",OK
1,ntp1.inm.gov.co,1,True,2024-12-19 10:38:37.243035,0.0012583732604980469,"(2024, 12, 4, 19, 15, 38, 37, 244)",OK
1,ntp1.inm.gov.co,1,True,2024-12-19 10:38:47.261596,0.0017719268798828125,"(2024, 12, 4, 19, 15, 38, 47, 263)",OK
1,ntp1.inm.gov.co,1,True,2024-12-19 10:38:57.279997,0.0019481182098388672,"(2024, 12, 4, 19, 15, 38, 57, 281)",OK
1,ntp1.inm.gov.co,1,True,2024-12-19 10:39:07.320724,0.0009086132049560547,"(2024, 12, 4, 19, 15, 39, 7, 321)",OK
1,ntp1.inm.gov.co,1,True,2024-12-19 10:39:17.332111,0.0020904541015625,"(2024, 12, 4, 19, 15, 39, 17, 334)",OK
1,ntp1.inm.gov.co,1,True,2024-12-19 10:39:27.369220,0.0014193058013916016,"(2024, 12, 4, 19, 15, 39, 27, 370)",OK
1,ntp1.inm.gov.co,1,True,2024-12-19 10:39:37.383122,0.0014138221740722656,"(2024, 12, 4, 19, 15, 39, 37, 384)",OK
1,ntp1.inm.gov.co,1,True,2024-12-19 10:39:47.404091,0.0014774799346923828,"(2024, 12, 4, 19, 15, 39, 47, 405)",OK
1,ntp1.inm.gov.co,1,True,2024-12-19 10:39:57.427835,0.0015397071838378906,"(2024, 12, 4, 19, 15, 39, 57, 429)",OK
1,ntp1.inm.gov.co,1,True,2024-12-19 10:40:07.443389,0.0010461807250976562,"(2024, 12, 4, 19, 15, 40, 7, 444)",OK
1,ntp1.inm.gov.co,1,True,2024-12-19 10:40:17.460114,0.002246379852294922,"(2024, 12, 4, 19, 15, 40, 17, 462)",OK
1,ntp1.inm.gov.co,1,True,2024-12-19 10:40:27.474011,0.0011703968048095703,"(2024, 12, 4, 19, 15, 40, 27, 475)",OK
1,ntp1.inm.gov.co,1,True,2024-12-19 10:40:37.504237,0.0011959075927734375,"(2024, 12, 4, 19, 15, 40, 37, 505)",OK
1,ntp1.inm.gov.co,1,True,2024-12-19 10:40:47.517877,0.0013701915740966797,"(2024, 12, 4, 19, 15, 40, 47, 519)",OK
1,ntp1.inm.gov.co,1,True,2024-12-19 10:40:57.546895,0.0013554096221923828,"(2024, 12, 4, 19, 15, 40, 57, 548)",OK
1,ntp1.inm.gov.co,1,True,2024-12-19 10:41:07.574235,0.0011386871337890625,"(2024, 12, 4, 19, 15, 41, 7, 575)",OK
1,ntp1.inm.gov.co,1,True,2024-12-19 10:41:17.596360,0.001916646957397461,"(2024, 12, 4, 19, 15, 41, 17, 598)",OK
1,ntp1.inm.gov.co,1,True,2024-12-19 10:41:27.612443,0.00141143798828125,"(2024, 12, 4, 19, 15, 41, 27, 613)",OK
1,ntp1.inm.gov.co,1,True,2024-12-19 10:41:37.636097,0.0013439655303955078,"(2024, 12, 4, 19, 15, 41, 37, 637)",OK
1,ntp1.inm.gov.co,1,True,2024-12-19 10:41:47.679398,0.0007295608520507812,"(2024, 12, 4, 19, 15, 41, 47, 680)",OK
1,ntp1.inm.gov.co,1,True,2024-12-19 10:41:57.694545,0.0021140575408935547,"(2024, 12, 4, 19, 15, 41, 57, 696)",OK
1,ntp1.inm.gov.co,1,True,2024-12-19 10:42:07.730918,0.001972675323486328,"(2024, 12, 4, 19, 15, 42, 7, 732)",OK
1,ntp1.inm.gov.co,1,True,2024-12-19 10:42:17.753028,0.0018906593322753906,"(2024, 12, 4, 19, 15, 42, 17, 754)",OK
1,ntp1.inm.gov.co,1,True,2024-12-19 10:42:27.789253,0.0024373531341552734,"(2024, 12, 4, 19, 15, 42, 27, 791)",OK
1,ntp1.inm.gov.co,1,True,2024-12-19 10:42:37.804303,0.0018002986907958984,"(2024, 12, 4, 19, 15, 42, 37, 806)",OK
1,ntp1.inm.gov.co,1,True,2024-12-19 10:42:47.836775,0.0008313655853271484,"(2024, 12, 4, 19, 15, 42, 47, 837)",OK
1,ntp1.inm.gov.co,1,True,2024-12-19 10:42:57.860203,0.0018050670623779297,"(2024, 12, 4, 19, 15, 42, 57, 862)",OK
1,ntp1.inm.gov.co,1,True,2024-12-19 10:43:07.891777,0.000713348388671875,"(2024, 12, 4, 19, 15, 43, 7, 892)",OK
1,ntp1.inm.gov.co,1,True,2024-12-19 10:43:17.917209,0.0017812252044677734,"(2024, 12, 4, 19, 15, 43, 17, 918)",OK
1,ntp1.inm.gov.co,1,True,2024-12-19 10:43:27.960046,0.001730203628540039,"(2024, 12, 4, 19, 15, 43, 27, 961)",OK
1,ntp1.inm.gov.co,1,True,2024-12-19 10:43:37.979822,0.0023293495178222656,"(2024, 12, 4, 19, 15, 43, 37, 982)",OK
1,ntp1.inm.gov.co,1,True,2024-12-19 10:43:48.024009,0.0001590251922607422,"(2024, 12, 4, 19, 15, 43, 48, 24)",OK
1,ntp1.inm.gov.co,1,True,2024-12-19 10:43:58.043471,0.0007414817810058594,"(2024, 12, 4, 19, 15, 43, 58, 44)",OK
1,ntp1.inm.gov.co,1,True,2024-12-19 10:44:08.079156,0.0011920928955078125,"(2024, 12, 4, 19, 15, 44, 8, 80)",OK
1,ntp1.inm.gov.co,1,True,2024-12-19 10:44:18.095529,0.0011508464813232422,"(2024, 12, 4, 19, 15, 44, 18, 96)",OK
1,ntp1.inm.gov.co,1,True,2024-12-19 10:44:28.126208,0.0017044544219970703,"(2024, 12, 4, 19, 15, 44, 28, 127)",OK
1,ntp1.inm.gov.co,1,True,2024-12-19 10:44:38.138746,0.0015676021575927734,"(2024, 12, 4, 19, 15, 44, 38, 140)",OK
1,ntp1.inm.gov.co,1,True,2024-12-19 10:44:48.165809,0.0010428428649902344,"(2024, 12, 4, 19, 15, 44, 48, 166)",OK
1,ntp1.inm.gov.co,1,True,2024-12-19 10:44:58.182762,0.0018038749694824219,"(2024, 12, 4, 19, 15, 44, 58, 184)",OK
1,ntp1.inm.gov.co,1,True,2024-12-19 10:45:08.201730,0.0010590553283691406,"(2024, 12, 4, 19, 15, 45, 8, 202)",OK
1,ntp1.inm.gov.co,1,True,2024-12-19 10:45:18.222969,0.0027205944061279297,"(2024, 12, 4, 19, 15, 45, 18, 225)",OK
1,ntp1.inm.gov.co,1,True,2024-12-19 10:45:28.257469,0.0010292530059814453,"(2024, 12, 4, 19, 15, 45, 28, 258)",OK
1,ntp1.inm.gov.co,1,True,2024-12-19 10:45:38.278891,0.0020759105682373047,"(2024, 12, 4, 19, 15, 45, 38, 280)",OK
1,ntp1.inm.gov.co,1,True,2024-12-19 10:45:48.325413,0.00197601318359375,"(2024, 12, 4, 19, 15, 45, 48, 327)",OK
1,ntp1.inm.gov.co,1,True,2024-12-19 10:45:58.341009,0.0009744167327880859,"(2024, 12, 4, 19, 15, 45, 58, 341)",OK
1,ntp1.inm.gov.co,1,True,2024-12-19 10:46:08.352445,0.0022449493408203125,"(2024, 12, 4, 19, 15, 46, 8, 354)",OK
1,ntp1.inm.gov.co,1,True,2024-12-19 10:46:18.364685,0.001790761947631836,"(2024, 12, 4, 19, 15, 46, 18, 366)",OK
1,ntp1.inm.gov.co,1,True,2024-12-19 10:46:28.398693,0.001180410385131836,"(2024, 12, 4, 19, 15, 46, 28, 399)",OK
1,ntp1.inm.gov.co,1,True,2024-12-19 10:46:38.417554,0.002726316452026367,"(2024, 12, 4, 19, 15, 46, 38, 420)",OK
1,ntp1.inm.gov.co,1,True,2024-12-19 10:46:48.449037,0.0011892318725585938,"(2024, 12, 4, 19, 15, 46, 48, 450)",OK
1,ntp1.inm.gov.co,1,True,2024-12-19 10:46:58.471728,0.0012402534484863281,"(2024, 12, 4, 19, 15, 46, 58, 472)",OK
1,ntp1.inm.gov.co,1,True,2024-12-19 10:47:08.513880,0.0012753009796142578,"(2024, 12, 4, 19, 15, 47, 8, 515)",OK
1,ntp1.inm.gov.co,1,True,2024-12-19 10:47:18.536799,0.004416465759277344,"(2024, 12, 4, 19, 15, 47, 18, 541)",OK
1,ntp1.inm.gov.co,1,True,2024-12-19 10:47:28.576732,-0.0007824897766113281,"(2024, 12, 4, 19, 15, 47, 28, 575)",OK
1,ntp1.inm.gov.co,1,True,2024-12-19 10:47:38.598791,0.002757549285888672,"(2024, 12, 4, 19, 15, 47, 38, 601)",OK
1,ntp1.inm.gov.co,1,True,2024-12-19 10:47:48.631329,0.0012733936309814453,"(2024, 12, 4, 19, 15, 47, 48, 632)",OK
1,ntp1.inm.gov.co,1,True,2024-12-19 10:47:58.651537,0.0009028911590576172,"(2024, 12, 4, 19, 15, 47, 58, 652)",OK
1,ntp1.inm.gov.co,1,True,2024-12-19 10:48:08.691394,0.0019714832305908203,"(2024, 12, 4, 19, 15, 48, 8, 693)",OK
1,ntp1.inm.gov.co,1,True,2024-12-19 10:48:18.713811,0.001249551773071289,"(2024, 12, 4, 19, 15, 48, 18, 715)",OK
1,ntp1.inm.gov.co,1,True,2024-12-19 10:48:28.742520,0.00042939186096191406,"(2024, 12, 4, 19, 15, 48, 28, 742)",OK
1,ntp1.inm.gov.co,1,True,2024-12-19 10:48:38.764043,0.0020203590393066406,"(2024, 12, 4, 19, 15, 48, 38, 766)",OK
1,ntp1.inm.gov.co,1,True,2024-12-19 10:48:48.800113,0.0018372535705566406,"(2024, 12, 4, 19, 15, 48, 48, 801)",OK
1,ntp1.inm.gov.co,1,True,2024-12-19 10:48:58.822773,0.0018837451934814453,"(2024, 12, 4, 19, 15, 48, 58, 824)",OK
1,ntp1.inm.gov.co,1,True,2024-12-19 10:49:08.857520,0.0014965534210205078,"(2024, 12, 4, 19, 15, 49, 8, 859)",OK
1,ntp1.inm.gov.co,1,True,2024-12-19 10:49:18.873862,0.0005726814270019531,"(2024, 12, 4, 19, 15, 49, 18, 874)",OK
1,ntp1.inm.gov.co,1,True,2024-12-19 10:49:28.906876,0.0023212432861328125,"(2024, 12, 4, 19, 15, 49, 28, 909)",OK
1,ntp1.inm.gov.co,1,True,2024-12-19 10:49:38.923462,0.0014946460723876953,"(2024, 12, 4, 19, 15, 49, 38, 924)",OK
1,ntp1.inm.gov.co,1,True,2024-12-19 10:49:48.956369,0.002206087112426758,"(2024, 12, 4, 19, 15, 49, 48, 958)",OK
1,ntp1.inm.gov.co,1,True,2024-12-19 10:49:58.981177,0.0018851757049560547,"(2024, 12, 4, 19, 15, 49, 58, 983)",OK
1,ntp1.inm.gov.co,1,True,2024-12-19 10:50:09.022238,0.0016226768493652344,"(2024, 12, 4, 19, 15, 50, 9, 23)",OK
1,ntp1.inm.gov.co,1,True,2024-12-19 10:50:19.047471,0.0020012855529785156,"(2024, 12, 4, 19, 15, 50, 19, 49)",OK
1,ntp1.inm.gov.co,1,True,2024-12-19 10:50:29.066305,0.0017306804656982422,"(2024, 12, 4, 19, 15, 50, 29, 68)",OK
1,ntp1.inm.gov.co,1,True,2024-12-19 10:50:39.084456,0.0007686614990234375,"(2024, 12, 4, 19, 15, 50, 39, 85)",OK
1,ntp1.inm.gov.co,1,True,2024-12-19 10:50:49.111202,0.000957489013671875,"(2024, 12, 4, 19, 15, 50, 49, 112)",OK
1,ntp1.inm.gov.co,1,True,2024-12-19 10:50:59.122616,0.001237630844116211,"(2024, 12, 4, 19, 15, 50, 59, 123)",OK
1,ntp1.inm.gov.co,1,True,2024-12-19 10:51:09.149989,0.0014524459838867188,"(2024, 12, 4, 19, 15, 51, 9, 151)",OK
1,ntp1.inm.gov.co,1,True,2024-12-19 10:51:19.166304,0.0018000602722167969,"(2024, 12, 4, 19, 15, 51, 19, 168)",OK
1,ntp1.inm.gov.co,1,True,2024-12-19 10:51:29.203498,0.0017178058624267578,"(2024, 12, 4, 19, 15, 51, 29, 205)",OK
1,ntp1.inm.gov.co,1,True,2024-12-19 10:51:39.224406,0.0012102127075195312,"(2024, 12, 4, 19, 15, 51, 39, 225)",OK
1,ntp1.inm.gov.co,1,True,2024-12-19 10:51:49.256012,0.0012276172637939453,"(2024, 12, 4, 19, 15, 51, 49, 257)",OK
1,ntp1.inm.gov.co,1,True,2024-12-19 10:51:59.282273,0.000911712646484375,"(2024, 12, 4, 19, 15, 51, 59, 283)",OK
1,ntp1.inm.gov.co,1,True,2024-12-19 10:52:09.312466,0.0003895759582519531,"(2024, 12, 4, 19, 15, 52, 9, 312)",OK
1,ntp1.inm.gov.co,1,True,2024-12-19 10:52:19.328285,0.002501964569091797,"(2024, 12, 4, 19, 15, 52, 19, 330)",OK
1,ntp1.inm.gov.co,1,True,2024-12-19 10:52:29.369021,0.001947164535522461,"(2024, 12, 4, 19, 15, 52, 29, 370)",OK
1,ntp1.inm.gov.co,1,True,2024-12-19 10:52:39.385737,0.0018019676208496094,"(2024, 12, 4, 19, 15, 52, 39, 387)",OK
1,ntp1.inm.gov.co,1,True,2024-12-19 10:52:49.416456,0.0017876625061035156,"(2024, 12, 4, 19, 15, 52, 49, 418)",OK
1,ntp1.inm.gov.co,1,True,2024-12-19 10:52:59.440948,0.001580953598022461,"(2024, 12, 4, 19, 15, 52, 59, 442)",OK
1,ntp1.inm.gov.co,1,True,2024-12-19 10:53:09.473995,0.0012288093566894531,"(2024, 12, 4, 19, 15, 53, 9, 475)",OK
1,ntp1.inm.gov.co,1,True,2024-12-19 10:53:19.488103,0.0013337135314941406,"(2024, 12, 4, 19, 15, 53, 19, 489)",OK
1,ntp1.inm.gov.co,1,True,2024-12-19 10:53:29.527555,0.0017294883728027344,"(2024, 12, 4, 19, 15, 53, 29, 529)",OK
1,ntp1.inm.gov.co,1,True,2024-12-19 10:53:39.547525,0.0008661746978759766,"(2024, 12, 4, 19, 15, 53, 39, 548)",OK
1,ntp1.inm.gov.co,1,True,2024-12-19 10:53:49.568682,0.001012563705444336,"(2024, 12, 4, 19, 15, 53, 49, 569)",OK
1,ntp1.inm.gov.co,1,True,2024-12-19 10:53:59.579075,0.0016682147979736328,"(2024, 12, 4, 19, 15, 53, 59, 580)",OK
1,ntp1.inm.gov.co,1,True,2024-12-19 10:54:09.597762,0.001634359359741211,"(2024, 12, 4, 19, 15, 54, 9, 599)",OK
1,ntp1.inm.gov.co,1,True,2024-12-19 10:54:19.610556,0.0019431114196777344,"(2024, 12, 4, 19, 15, 54, 19, 612)",OK
1,ntp1.inm.gov.co,1,True,2024-12-19 10:54:29.637701,0.001924753189086914,"(2024, 12, 4, 19, 15, 54, 29, 639)",OK
1,ntp1.inm.gov.co,1,True,2024-12-19 10:54:39.647025,0.0009236335754394531,"(2024, 12, 4, 19, 15, 54, 39, 647)",OK
1,ntp1.inm.gov.co,1,True,2024-12-19 10:54:49.665404,0.0027112960815429688,"(2024, 12, 4, 19, 15, 54, 49, 668)",OK
1,ntp1.inm.gov.co,1,True,2024-12-19 10:54:59.690089,0.0007202625274658203,"(2024, 12, 4, 19, 15, 54, 59, 690)",OK
1,ntp1.inm.gov.co,1,True,2024-12-19 10:55:09.728397,0.0020809173583984375,"(2024, 12, 4, 19, 15, 55, 9, 730)",OK
1,ntp1.inm.gov.co,1,True,2024-12-19 10:55:19.747550,0.0020895004272460938,"(2024, 12, 4, 19, 15, 55, 19, 749)",OK
1,ntp1.inm.gov.co,1,True,2024-12-19 10:55:29.796511,0.0016033649444580078,"(2024, 12, 4, 19, 15, 55, 29, 798)",OK
1,ntp1.inm.gov.co,1,True,2024-12-19 10:55:39.807021,0.0011174678802490234,"(2024, 12, 4, 19, 15, 55, 39, 808)",OK
1,ntp1.inm.gov.co,1,True,2024-12-19 10:55:49.828464,0.0008668899536132812,"(2024, 12, 4, 19, 15, 55, 49, 829)",OK
1,ntp1.inm.gov.co,1,True,2024-12-19 10:55:59.855496,0.0007309913635253906,"(2024, 12, 4, 19, 15, 55, 59, 856)",OK
1,ntp1.inm.gov.co,1,True,2024-12-19 10:56:09.902905,0.0026009082794189453,"(2024, 12, 4, 19, 15, 56, 9, 905)",OK
1,ntp1.inm.gov.co,1,True,2024-12-19 10:56:19.918151,0.002026796340942383,"(2024, 12, 4, 19, 15, 56, 19, 920)",OK
1,ntp1.inm.gov.co,1,True,2024-12-19 10:56:29.941532,0.0012061595916748047,"(2024, 12, 4, 19, 15, 56, 29, 942)",OK
1,ntp1.inm.gov.co,1,True,2024-12-19 10:56:39.959607,0.0026030540466308594,"(2024, 12, 4, 19, 15, 56, 39, 962)",OK
1,ntp1.inm.gov.co,1,True,2024-12-19 10:56:49.994558,0.001973390579223633,"(2024, 12, 4, 19, 15, 56, 49, 996)",OK
1,ntp1.inm.gov.co,1,True,2024-12-19 10:57:00.015008,0.00131988525390625,"(2024, 12, 4, 19, 15, 57, 0, 16)",OK
1,ntp1.inm.gov.co,1,True,2024-12-19 10:57:10.030230,0.0005738735198974609,"(2024, 12, 4, 19, 15, 57, 10, 30)",OK
1,ntp1.inm.gov.co,1,True,2024-12-19 10:57:20.044027,0.0025167465209960938,"(2024, 12, 4, 19, 15, 57, 20, 46)",OK
1,ntp1.inm.gov.co,1,True,2024-12-19 10:57:30.066901,0.0008683204650878906,"(2024, 12, 4, 19, 15, 57, 30, 67)",OK
1,ntp1.inm.gov.co,1,True,2024-12-19 10:57:40.083944,0.0017554759979248047,"(2024, 12, 4, 19, 15, 57, 40, 85)",OK
1,ntp1.inm.gov.co,1,True,2024-12-19 10:57:50.125830,0.0031585693359375,"(2024, 12, 4, 19, 15, 57, 50, 128)",OK
1,ntp1.inm.gov.co,1,True,2024-12-19 10:58:00.139363,0.0001671314239501953,"(2024, 12, 4, 19, 15, 58, 0, 139)",OK
1,ntp1.inm.gov.co,1,True,2024-12-19 10:58:10.169886,0.0016865730285644531,"(2024, 12, 4, 19, 15, 58, 10, 171)",OK
1,ntp1.inm.gov.co,1,True,2024-12-19 10:58:20.188997,0.0021860599517822266,"(2024, 12, 4, 19, 15, 58, 20, 191)",OK
1,ntp1.inm.gov.co,1,True,2024-12-19 10:58:30.232541,0.0008099079132080078,"(2024, 12, 4, 19, 15, 58, 30, 233)",OK
1,ntp1.inm.gov.co,1,True,2024-12-19 10:58:40.247411,0.001691579818725586,"(2024, 12, 4, 19, 15, 58, 40, 249)",OK
1,ntp1.inm.gov.co,1,True,2024-12-19 10:58:50.277409,0.0004031658172607422,"(2024, 12, 4, 19, 15, 58, 50, 277)",OK
1,ntp1.inm.gov.co,1,True,2024-12-19 10:59:00.297551,0.0010073184967041016,"(2024, 12, 4, 19, 15, 59, 0, 298)",OK
1,ntp1.inm.gov.co,1,True,2024-12-19 10:59:10.322239,0.0022058486938476562,"(2024, 12, 4, 19, 15, 59, 10, 324)",OK
1,ntp1.inm.gov.co,1,True,2024-12-19 10:59:20.333981,0.0020933151245117188,"(2024, 12, 4, 19, 15, 59, 20, 336)",OK
1,ntp1.inm.gov.co,1,True,2024-12-19 10:59:30.356970,0.0003113746643066406,"(2024, 12, 4, 19, 15, 59, 30, 357)",OK
1,ntp1.inm.gov.co,1,True,2024-12-19 10:59:40.371939,0.0009160041809082031,"(2024, 12, 4, 19, 15, 59, 40, 372)",OK
1,ntp1.inm.gov.co,1,True,2024-12-19 10:59:50.415996,0.001760721206665039,"(2024, 12, 4, 19, 15, 59, 50, 417)",OK
1,ntp1.inm.gov.co,1,True,2024-12-19 11:00:00.434867,0.0019309520721435547,"(2024, 12, 4, 19, 16, 0, 0, 436)",OK
1,ntp1.inm.gov.co,1,True,2024-12-19 11:00:10.470226,0.0014333724975585938,"(2024, 12, 4, 19, 16, 0, 10, 471)",OK
1,ntp1.inm.gov.co,1,True,2024-12-19 11:00:20.492162,0.0021970272064208984,"(2024, 12, 4, 19, 16, 0, 20, 494)",OK
1,ntp1.inm.gov.co,1,True,2024-12-19 11:00:30.514161,0.0020613670349121094,"(2024, 12, 4, 19, 16, 0, 30, 516)",OK
1,ntp1.inm.gov.co,1,True,2024-12-19 11:00:40.528407,0.0014328956604003906,"(2024, 12, 4, 19, 16, 0, 40, 529)",OK
1,ntp1.inm.gov.co,1,True,2024-12-19 11:00:50.560042,0.002707242965698242,"(2024, 12, 4, 19, 16, 0, 50, 562)",OK
1,ntp1.inm.gov.co,1,True,2024-12-19 11:01:00.577002,0.0013043880462646484,"(2024, 12, 4, 19, 16, 1, 0, 578)",OK
1,ntp1.inm.gov.co,1,True,2024-12-19 11:01:10.593973,0.0008099079132080078,"(2024, 12, 4, 19, 16, 1, 10, 594)",OK
1,ntp1.inm.gov.co,1,True,2024-12-19 11:01:20.612303,0.001895904541015625,"(2024, 12, 4, 19, 16, 1, 20, 614)",OK
1,ntp1.inm.gov.co,1,True,2024-12-19 11:01:30.658536,0.0015513896942138672,"(2024, 12, 4, 19, 16, 1, 30, 660)",OK
1,ntp1.inm.gov.co,1,True,2024-12-19 11:01:40.676338,0.0005936622619628906,"(2024, 12, 4, 19, 16, 1, 40, 676)",OK
1,ntp1.inm.gov.co,1,True,2024-12-19 11:01:50.712688,0.00235748291015625,"(2024, 12, 4, 19, 16, 1, 50, 715)",OK
1,ntp1.inm.gov.co,1,True,2024-12-19 11:02:00.729725,0.0009329319000244141,"(2024, 12, 4, 19, 16, 2, 0, 730)",OK
1,ntp1.inm.gov.co,1,True,2024-12-19 11:02:10.748361,0.0017991065979003906,"(2024, 12, 4, 19, 16, 2, 10, 750)",OK
1,ntp1.inm.gov.co,1,True,2024-12-19 11:02:20.772944,0.001140594482421875,"(2024, 12, 4, 19, 16, 2, 20, 774)",OK
1,ntp1.inm.gov.co,1,True,2024-12-19 11:02:30.817109,0.0007579326629638672,"(2024, 12, 4, 19, 16, 2, 30, 817)",OK
1,ntp1.inm.gov.co,1,True,2024-12-19 11:02:40.829355,0.0010464191436767578,"(2024, 12, 4, 19, 16, 2, 40, 830)",OK
1,ntp1.inm.gov.co,1,True,2024-12-19 11:02:50.865240,0.002202272415161133,"(2024, 12, 4, 19, 16, 2, 50, 867)",OK
1,ntp1.inm.gov.co,1,True,2024-12-19 11:03:00.885221,0.0002357959747314453,"(2024, 12, 4, 19, 16, 3, 0, 885)",OK
1,ntp1.inm.gov.co,1,True,2024-12-19 11:03:10.920052,0.0022077560424804688,"(2024, 12, 4, 19, 16, 3, 10, 922)",OK
1,ntp1.inm.gov.co,1,True,2024-12-19 11:03:20.932376,0.0015037059783935547,"(2024, 12, 4, 19, 16, 3, 20, 933)",OK
1,ntp1.inm.gov.co,1,True,2024-12-19 11:03:30.966947,0.001749277114868164,"(2024, 12, 4, 19, 16, 3, 30, 968)",OK
1,ntp1.inm.gov.co,1,True,2024-12-19 11:03:40.982538,0.0010290145874023438,"(2024, 12, 4, 19, 16, 3, 40, 983)",OK
1,ntp1.inm.gov.co,1,True,2024-12-19 11:03:50.994367,0.0015227794647216797,"(2024, 12, 4, 19, 16, 3, 50, 995)",OK
1,ntp1.inm.gov.co,1,True,2024-12-19 11:04:01.007742,0.0016045570373535156,"(2024, 12, 4, 19, 16, 4, 1, 9)",OK
1,ntp1.inm.gov.co,1,True,2024-12-19 11:04:11.027728,0.0009989738464355469,"(2024, 12, 4, 19, 16, 4, 11, 28)",OK
1,ntp1.inm.gov.co,1,True,2024-12-19 11:04:21.074656,0.0018267631530761719,"(2024, 12, 4, 19, 16, 4, 21, 76)",OK
1,ntp1.inm.gov.co,1,True,2024-12-19 11:04:31.089138,0.0020227432250976562,"(2024, 12, 4, 19, 16, 4, 31, 91)",OK
1,ntp1.inm.gov.co,1,True,2024-12-19 11:04:41.117023,0.0009849071502685547,"(2024, 12, 4, 19, 16, 4, 41, 118)",OK
1,ntp1.inm.gov.co,1,True,2024-12-19 11:04:51.132598,-0.00021147727966308594,"(2024, 12, 4, 19, 16, 4, 51, 132)",OK
1,ntp1.inm.gov.co,1,True,2024-12-19 11:05:01.167019,0.0016977787017822266,"(2024, 12, 4, 19, 16, 5, 1, 168)",OK
1,ntp1.inm.gov.co,1,True,2024-12-19 11:05:11.179081,0.0014157295227050781,"(2024, 12, 4, 19, 16, 5, 11, 180)",OK
1,ntp1.inm.gov.co,1,True,2024-12-19 11:05:21.196206,0.0017552375793457031,"(2024, 12, 4, 19, 16, 5, 21, 197)",OK
1,ntp1.inm.gov.co,1,True,2024-12-19 11:05:31.218669,0.0021698474884033203,"(2024, 12, 4, 19, 16, 5, 31, 220)",OK
1,ntp1.inm.gov.co,1,True,2024-12-19 11:05:41.251240,0.0012676715850830078,"(2024, 12, 4, 19, 16, 5, 41, 252)",OK
1,ntp1.inm.gov.co,1,True,2024-12-19 11:05:51.271145,0.0018508434295654297,"(2024, 12, 4, 19, 16, 5, 51, 272)",OK
1,ntp1.inm.gov.co,1,True,2024-12-19 11:06:01.280539,0.00200653076171875,"(2024, 12, 4, 19, 16, 6, 1, 282)",OK
1,ntp1.inm.gov.co,1,True,2024-12-19 11:06:11.326491,0.001384735107421875,"(2024, 12, 4, 19, 16, 6, 11, 327)",OK
1,ntp1.inm.gov.co,1,True,2024-12-19 11:06:21.350639,0.0012443065643310547,"(2024, 12, 4, 19, 16, 6, 21, 351)",OK
1,ntp1.inm.gov.co,1,True,2024-12-19 11:06:31.386896,0.0018422603607177734,"(2024, 12, 4, 19, 16, 6, 31, 388)",OK
1,ntp1.inm.gov.co,1,True,2024-12-19 11:06:41.405101,0.0014615058898925781,"(2024, 12, 4, 19, 16, 6, 41, 406)",OK
1,ntp1.inm.gov.co,1,True,2024-12-19 11:06:51.414181,0.0016727447509765625,"(2024, 12, 4, 19, 16, 6, 51, 415)",OK
1,ntp1.inm.gov.co,1,True,2024-12-19 11:07:01.429653,0.0021142959594726562,"(2024, 12, 4, 19, 16, 7, 1, 431)",OK
1,ntp1.inm.gov.co,1,True,2024-12-19 11:07:11.439213,0.0013966560363769531,"(2024, 12, 4, 19, 16, 7, 11, 440)",OK
1,ntp1.inm.gov.co,1,True,2024-12-19 11:07:21.471572,0.0024566650390625,"(2024, 12, 4, 19, 16, 7, 21, 474)",OK
1,ntp1.inm.gov.co,1,True,2024-12-19 11:07:31.492967,-0.0005602836608886719,"(2024, 12, 4, 19, 16, 7, 31, 492)",OK
1,ntp1.inm.gov.co,1,True,2024-12-19 11:07:41.505053,0.0007367134094238281,"(2024, 12, 4, 19, 16, 7, 41, 505)",OK
1,ntp1.inm.gov.co,1,True,2024-12-19 11:07:51.514031,0.001714468002319336,"(2024, 12, 4, 19, 16, 7, 51, 515)",OK
1,ntp1.inm.gov.co,1,True,2024-12-19 11:08:01.556074,0.0020914077758789062,"(2024, 12, 4, 19, 16, 8, 1, 558)",OK
1,ntp1.inm.gov.co,1,True,2024-12-19 11:08:11.569405,0.0004470348358154297,"(2024, 12, 4, 19, 16, 8, 11, 569)",OK
1,ntp1.inm.gov.co,1,True,2024-12-19 11:08:21.581925,0.001961231231689453,"(2024, 12, 4, 19, 16, 8, 21, 583)",OK
1,ntp1.inm.gov.co,1,True,2024-12-19 11:08:31.614620,0.0016870498657226562,"(2024, 12, 4, 19, 16, 8, 31, 616)",OK
1,ntp1.inm.gov.co,1,True,2024-12-19 11:08:41.627915,0.001180410385131836,"(2024, 12, 4, 19, 16, 8, 41, 629)",OK
1,ntp1.inm.gov.co,1,True,2024-12-19 11:08:51.651531,0.0017697811126708984,"(2024, 12, 4, 19, 16, 8, 51, 653)",OK
1,ntp1.inm.gov.co,1,True,2024-12-19 11:09:01.674226,0.0007538795471191406,"(2024, 12, 4, 19, 16, 9, 1, 674)",OK
1,ntp1.inm.gov.co,1,True,2024-12-19 11:09:11.685240,0.002012014389038086,"(2024, 12, 4, 19, 16, 9, 11, 687)",OK
1,ntp1.inm.gov.co,1,True,2024-12-19 11:09:21.726255,0.0016980171203613281,"(2024, 12, 4, 19, 16, 9, 21, 727)",OK
1,ntp1.inm.gov.co,1,True,2024-12-19 11:09:31.739993,0.0022001266479492188,"(2024, 12, 4, 19, 16, 9, 31, 742)",OK
1,ntp1.inm.gov.co,1,True,2024-12-19 11:09:41.766137,0.0016200542449951172,"(2024, 12, 4, 19, 16, 9, 41, 767)",OK
1,ntp1.inm.gov.co,1,True,2024-12-19 11:09:51.807233,0.0018610954284667969,"(2024, 12, 4, 19, 16, 9, 51, 809)",OK
1,ntp1.inm.gov.co,1,True,2024-12-19 11:10:01.817589,0.0016710758209228516,"(2024, 12, 4, 19, 16, 10, 1, 819)",OK
1,ntp1.inm.gov.co,1,True,2024-12-19 11:10:11.860176,0.0010707378387451172,"(2024, 12, 4, 19, 16, 10, 11, 861)",OK
1,ntp1.inm.gov.co,1,True,2024-12-19 11:10:21.876196,0.0013308525085449219,"(2024, 12, 4, 19, 16, 10, 21, 877)",OK
1,ntp1.inm.gov.co,1,True,2024-12-19 11:10:31.884633,0.0012845993041992188,"(2024, 12, 4, 19, 16, 10, 31, 885)",OK
1,ntp1.inm.gov.co,1,True,2024-12-19 11:10:41.903818,0.0007600784301757812,"(2024, 12, 4, 19, 16, 10, 41, 904)",OK
1,ntp1.inm.gov.co,1,True,2024-12-19 11:10:51.933777,0.0014803409576416016,"(2024, 12, 4, 19, 16, 10, 51, 935)",OK
1,ntp1.inm.gov.co,1,True,2024-12-19 11:11:01.950644,0.0014407634735107422,"(2024, 12, 4, 19, 16, 11, 1, 952)",OK
1,ntp1.inm.gov.co,1,True,2024-12-19 11:11:11.973082,0.0015215873718261719,"(2024, 12, 4, 19, 16, 11, 11, 974)",OK
1,ntp1.inm.gov.co,1,True,2024-12-19 11:11:22.000207,0.0016908645629882812,"(2024, 12, 4, 19, 16, 11, 22, 1)",OK
1,ntp1.inm.gov.co,1,True,2024-12-19 11:11:32.033525,0.0017361640930175781,"(2024, 12, 4, 19, 16, 11, 32, 35)",OK
1,ntp1.inm.gov.co,1,True,2024-12-19 11:11:42.054779,0.002009868621826172,"(2024, 12, 4, 19, 16, 11, 42, 56)",OK
1,ntp1.inm.gov.co,1,True,2024-12-19 11:11:52.075306,0.0015192031860351562,"(2024, 12, 4, 19, 16, 11, 52, 76)",OK
1,ntp1.inm.gov.co,1,True,2024-12-19 11:12:02.096233,0.0017919540405273438,"(2024, 12, 4, 19, 16, 12, 2, 98)",OK
1,ntp1.inm.gov.co,1,True,2024-12-19 11:12:12.110111,0.0008003711700439453,"(2024, 12, 4, 19, 16, 12, 12, 110)",OK
1,ntp1.inm.gov.co,1,True,2024-12-19 11:12:22.131997,0.001974344253540039,"(2024, 12, 4, 19, 16, 12, 22, 133)",OK
1,ntp1.inm.gov.co,1,True,2024-12-19 11:12:32.151913,0.0018219947814941406,"(2024, 12, 4, 19, 16, 12, 32, 153)",OK
1,ntp1.inm.gov.co,1,True,2024-12-19 11:12:42.167897,0.0010526180267333984,"(2024, 12, 4, 19, 16, 12, 42, 168)",OK
1,ntp1.inm.gov.co,1,True,2024-12-19 11:12:52.195486,0.002013683319091797,"(2024, 12, 4, 19, 16, 12, 52, 197)",OK
1,ntp1.inm.gov.co,1,True,2024-12-19 11:13:02.208410,0.0012485980987548828,"(2024, 12, 4, 19, 16, 13, 2, 209)",OK
1,ntp1.inm.gov.co,1,True,2024-12-19 11:13:12.236516,0.0011785030364990234,"(2024, 12, 4, 19, 16, 13, 12, 237)",OK
1,ntp1.inm.gov.co,1,True,2024-12-19 11:13:22.259791,0.0021076202392578125,"(2024, 12, 4, 19, 16, 13, 22, 261)",OK
1,ntp1.inm.gov.co,1,True,2024-12-19 11:13:32.303305,0.0007617473602294922,"(2024, 12, 4, 19, 16, 13, 32, 304)",OK
1,ntp1.inm.gov.co,1,True,2024-12-19 11:13:42.324650,0.0015201568603515625,"(2024, 12, 4, 19, 16, 13, 42, 326)",OK
1,ntp1.inm.gov.co,1,True,2024-12-19 11:13:52.355296,0.0005800724029541016,"(2024, 12, 4, 19, 16, 13, 52, 355)",OK
1,ntp1.inm.gov.co,1,True,2024-12-19 11:14:02.366949,0.0016963481903076172,"(2024, 12, 4, 19, 16, 14, 2, 368)",OK
1,ntp1.inm.gov.co,1,True,2024-12-19 11:14:12.406975,0.0019936561584472656,"(2024, 12, 4, 19, 16, 14, 12, 408)",OK
1,ntp1.inm.gov.co,1,True,2024-12-19 11:14:22.433290,0.002468109130859375,"(2024, 12, 4, 19, 16, 14, 22, 435)",OK
1,ntp1.inm.gov.co,1,True,2024-12-19 11:14:32.466232,0.0013582706451416016,"(2024, 12, 4, 19, 16, 14, 32, 467)",OK
1,ntp1.inm.gov.co,1,True,2024-12-19 11:14:42.480346,0.0019350051879882812,"(2024, 12, 4, 19, 16, 14, 42, 482)",OK
1,ntp1.inm.gov.co,1,True,2024-12-19 11:14:52.516891,0.0015761852264404297,"(2024, 12, 4, 19, 16, 14, 52, 518)",OK
1,ntp1.inm.gov.co,1,True,2024-12-19 11:15:02.533827,0.0016951560974121094,"(2024, 12, 4, 19, 16, 15, 2, 535)",OK
1,ntp1.inm.gov.co,1,True,2024-12-19 11:15:12.571238,0.0014696121215820312,"(2024, 12, 4, 19, 16, 15, 12, 572)",OK
1,ntp1.inm.gov.co,1,True,2024-12-19 11:15:22.593619,0.0015935897827148438,"(2024, 12, 4, 19, 16, 15, 22, 595)",OK
1,ntp1.inm.gov.co,1,True,2024-12-19 11:15:32.624945,0.0006911754608154297,"(2024, 12, 4, 19, 16, 15, 32, 625)",OK
1,ntp1.inm.gov.co,1,True,2024-12-19 11:15:42.635786,0.001836538314819336,"(2024, 12, 4, 19, 16, 15, 42, 637)",OK
1,ntp1.inm.gov.co,1,True,2024-12-19 11:15:52.658169,0.0016045570373535156,"(2024, 12, 4, 19, 16, 15, 52, 659)",OK
1,ntp1.inm.gov.co,1,True,2024-12-19 11:16:02.687583,0.001986265182495117,"(2024, 12, 4, 19, 16, 16, 2, 689)",OK
1,ntp1.inm.gov.co,1,True,2024-12-19 11:16:12.700378,0.0022125244140625,"(2024, 12, 4, 19, 16, 16, 12, 702)",OK
1,ntp1.inm.gov.co,1,True,2024-12-19 11:16:22.741060,0.0015630722045898438,"(2024, 12, 4, 19, 16, 16, 22, 742)",OK
1,ntp1.inm.gov.co,1,True,2024-12-19 11:16:32.764943,0.0008630752563476562,"(2024, 12, 4, 19, 16, 16, 32, 765)",OK
1,ntp1.inm.gov.co,1,True,2024-12-19 11:16:42.803686,0.0029616355895996094,"(2024, 12, 4, 19, 16, 16, 42, 806)",OK
1,ntp1.inm.gov.co,1,True,2024-12-19 11:16:52.822507,0.0013680458068847656,"(2024, 12, 4, 19, 16, 16, 52, 823)",OK
1,ntp1.inm.gov.co,1,True,2024-12-19 11:17:02.861820,0.002330780029296875,"(2024, 12, 4, 19, 16, 17, 2, 864)",OK
1,ntp1.inm.gov.co,1,True,2024-12-19 11:17:12.889153,0.0015134811401367188,"(2024, 12, 4, 19, 16, 17, 12, 890)",OK
1,ntp1.inm.gov.co,1,True,2024-12-19 11:17:22.921877,0.0017571449279785156,"(2024, 12, 4, 19, 16, 17, 22, 923)",OK
1,ntp1.inm.gov.co,1,True,2024-12-19 11:17:32.949314,0.0016224384307861328,"(2024, 12, 4, 19, 16, 17, 32, 950)",OK
1,ntp1.inm.gov.co,1,True,2024-12-19 11:17:42.982785,0.0021588802337646484,"(2024, 12, 4, 19, 16, 17, 42, 984)",OK
1,ntp1.inm.gov.co,1,True,2024-12-19 11:17:53.007933,0.001917123794555664,"(2024, 12, 4, 19, 16, 17, 53, 9)",OK
1,ntp1.inm.gov.co,1,True,2024-12-19 11:18:03.041629,0.0020835399627685547,"(2024, 12, 4, 19, 16, 18, 3, 43)",OK
1,ntp1.inm.gov.co,1,True,2024-12-19 11:18:13.067434,0.0013821125030517578,"(2024, 12, 4, 19, 16, 18, 13, 68)",OK
1,ntp1.inm.gov.co,1,True,2024-12-19 11:18:23.106394,0.0028274059295654297,"(2024, 12, 4, 19, 16, 18, 23, 109)",OK
1,ntp1.inm.gov.co,1,True,2024-12-19 11:18:33.122387,0.0011527538299560547,"(2024, 12, 4, 19, 16, 18, 33, 123)",OK
1,ntp1.inm.gov.co,1,True,2024-12-19 11:18:43.167058,0.0009837150573730469,"(2024, 12, 4, 19, 16, 18, 43, 168)",OK
1,ntp1.inm.gov.co,1,True,2024-12-19 11:18:53.185401,0.0006792545318603516,"(2024, 12, 4, 19, 16, 18, 53, 186)",OK
1,ntp1.inm.gov.co,1,True,2024-12-19 11:19:03.216358,0.0006928443908691406,"(2024, 12, 4, 19, 16, 19, 3, 217)",OK
1,ntp1.inm.gov.co,1,True,2024-12-19 11:19:13.243522,0.0008344650268554688,"(2024, 12, 4, 19, 16, 19, 13, 244)",OK
1,ntp1.inm.gov.co,1,True,2024-12-19 11:19:23.277981,0.0023512840270996094,"(2024, 12, 4, 19, 16, 19, 23, 280)",OK
1,ntp1.inm.gov.co,1,True,2024-12-19 11:19:33.295102,0.001798868179321289,"(2024, 12, 4, 19, 16, 19, 33, 296)",OK
1,ntp1.inm.gov.co,1,True,2024-12-19 11:19:43.331047,0.0016937255859375,"(2024, 12, 4, 19, 16, 19, 43, 332)",OK
1,ntp1.inm.gov.co,1,True,2024-12-19 11:19:53.352793,0.001538991928100586,"(2024, 12, 4, 19, 16, 19, 53, 354)",OK
1,ntp1.inm.gov.co,1,True,2024-12-19 11:20:03.394947,0.0021889209747314453,"(2024, 12, 4, 19, 16, 20, 3, 397)",OK
1,ntp1.inm.gov.co,1,True,2024-12-19 11:20:13.421436,0.0011906623840332031,"(2024, 12, 4, 19, 16, 20, 13, 422)",OK
1,ntp1.inm.gov.co,1,True,2024-12-19 11:20:23.450524,0.0013010501861572266,"(2024, 12, 4, 19, 16, 20, 23, 451)",OK
1,ntp1.inm.gov.co,1,True,2024-12-19 11:20:33.472360,0.002232074737548828,"(2024, 12, 4, 19, 16, 20, 33, 474)",OK
1,ntp1.inm.gov.co,1,True,2024-12-19 11:20:43.508489,0.0011496543884277344,"(2024, 12, 4, 19, 16, 20, 43, 509)",OK
1,ntp1.inm.gov.co,1,True,2024-12-19 11:20:53.518854,0.0018041133880615234,"(2024, 12, 4, 19, 16, 20, 53, 520)",OK
1,ntp1.inm.gov.co,1,True,2024-12-19 11:21:03.532535,0.0015909671783447266,"(2024, 12, 4, 19, 16, 21, 3, 534)",OK
1,ntp1.inm.gov.co,1,True,2024-12-19 11:21:13.549979,0.000171661376953125,"(2024, 12, 4, 19, 16, 21, 13, 550)",OK
1,ntp1.inm.gov.co,1,True,2024-12-19 11:21:23.571410,0.0011000633239746094,"(2024, 12, 4, 19, 16, 21, 23, 572)",OK
1,ntp1.inm.gov.co,1,True,2024-12-19 11:21:33.579587,0.0012116432189941406,"(2024, 12, 4, 19, 16, 21, 33, 580)",OK
1,ntp1.inm.gov.co,1,True,2024-12-19 11:21:43.592657,0.0017063617706298828,"(2024, 12, 4, 19, 16, 21, 43, 594)",OK
1,ntp1.inm.gov.co,1,True,2024-12-19 11:21:53.605702,0.00040411949157714844,"(2024, 12, 4, 19, 16, 21, 53, 606)",OK
1,ntp1.inm.gov.co,1,True,2024-12-19 11:22:03.632772,0.00035309791564941406,"(2024, 12, 4, 19, 16, 22, 3, 633)",OK
1,ntp1.inm.gov.co,1,True,2024-12-19 11:22:13.647185,0.0018229484558105469,"(2024, 12, 4, 19, 16, 22, 13, 649)",OK
1,ntp1.inm.gov.co,1,True,2024-12-19 11:22:23.669140,9.274482727050781e-05,"(2024, 12, 4, 19, 16, 22, 23, 669)",OK
1,ntp1.inm.gov.co,1,True,2024-12-19 11:22:33.686608,0.0009272098541259766,"(2024, 12, 4, 19, 16, 22, 33, 687)",OK
1,ntp1.inm.gov.co,1,True,2024-12-19 11:22:43.721195,0.0018680095672607422,"(2024, 12, 4, 19, 16, 22, 43, 723)",OK
1,ntp1.inm.gov.co,1,True,2024-12-19 11:22:53.745530,0.0009963512420654297,"(2024, 12, 4, 19, 16, 22, 53, 746)",OK
1,ntp1.inm.gov.co,1,True,2024-12-19 11:23:03.778734,0.00151824951171875,"(2024, 12, 4, 19, 16, 23, 3, 780)",OK
1,ntp1.inm.gov.co,1,True,2024-12-19 11:23:13.802454,0.0015902519226074219,"(2024, 12, 4, 19, 16, 23, 13, 804)",OK
1,ntp1.inm.gov.co,1,True,2024-12-19 11:23:23.846480,0.0008289813995361328,"(2024, 12, 4, 19, 16, 23, 23, 847)",OK
1,ntp1.inm.gov.co,1,True,2024-12-19 11:23:33.869905,0.001973867416381836,"(2024, 12, 4, 19, 16, 23, 33, 871)",OK
1,ntp1.inm.gov.co,1,True,2024-12-19 11:23:43.901349,0.0012619495391845703,"(2024, 12, 4, 19, 16, 23, 43, 902)",OK
1,ntp1.inm.gov.co,1,True,2024-12-19 11:23:53.921907,0.0015249252319335938,"(2024, 12, 4, 19, 16, 23, 53, 923)",OK
1,ntp1.inm.gov.co,1,True,2024-12-19 11:24:03.949966,0.0020294189453125,"(2024, 12, 4, 19, 16, 24, 3, 951)",OK
1,ntp1.inm.gov.co,1,True,2024-12-19 11:24:13.965996,0.0018608570098876953,"(2024, 12, 4, 19, 16, 24, 13, 967)",OK
1,ntp1.inm.gov.co,1,True,2024-12-19 11:24:24.002792,0.0018775463104248047,"(2024, 12, 4, 19, 16, 24, 24, 4)",OK
1,ntp1.inm.gov.co,1,True,2024-12-19 11:24:34.027335,0.0016460418701171875,"(2024, 12, 4, 19, 16, 24, 34, 28)",OK
1,ntp1.inm.gov.co,1,True,2024-12-19 11:24:44.058797,0.0014367103576660156,"(2024, 12, 4, 19, 16, 24, 44, 60)",OK
1,ntp1.inm.gov.co,1,True,2024-12-19 11:24:54.071777,0.001851797103881836,"(2024, 12, 4, 19, 16, 24, 54, 73)",OK
1,ntp1.inm.gov.co,1,True,2024-12-19 11:25:04.107769,0.0011591911315917969,"(2024, 12, 4, 19, 16, 25, 4, 108)",OK
1,ntp1.inm.gov.co,1,True,2024-12-19 11:25:14.130857,0.0028188228607177734,"(2024, 12, 4, 19, 16, 25, 14, 133)",OK
1,ntp1.inm.gov.co,1,True,2024-12-19 11:25:24.172776,0.0009167194366455078,"(2024, 12, 4, 19, 16, 25, 24, 173)",OK
1,ntp1.inm.gov.co,1,True,2024-12-19 11:25:34.184390,0.0018427371978759766,"(2024, 12, 4, 19, 16, 25, 34, 186)",OK
1,ntp1.inm.gov.co,1,True,2024-12-19 11:25:44.222258,0.0010161399841308594,"(2024, 12, 4, 19, 16, 25, 44, 223)",OK
1,ntp1.inm.gov.co,1,True,2024-12-19 11:25:54.248756,0.001959562301635742,"(2024, 12, 4, 19, 16, 25, 54, 250)",OK
1,ntp1.inm.gov.co,1,True,2024-12-19 11:26:04.280031,0.0017189979553222656,"(2024, 12, 4, 19, 16, 26, 4, 281)",OK
1,ntp1.inm.gov.co,1,True,2024-12-19 11:26:14.291971,0.0016956329345703125,"(2024, 12, 4, 19, 16, 26, 14, 293)",OK
1,ntp1.inm.gov.co,1,True,2024-12-19 11:26:24.322952,0.0015821456909179688,"(2024, 12, 4, 19, 16, 26, 24, 324)",OK
1,ntp1.inm.gov.co,1,True,2024-12-19 11:26:34.349511,0.0024268627166748047,"(2024, 12, 4, 19, 16, 26, 34, 351)",OK
1,ntp1.inm.gov.co,1,True,2024-12-19 11:26:44.388385,0.0012514591217041016,"(2024, 12, 4, 19, 16, 26, 44, 389)",OK
1,ntp1.inm.gov.co,1,True,2024-12-19 11:26:54.418480,0.0018470287322998047,"(2024, 12, 4, 19, 16, 26, 54, 420)",OK
1,ntp1.inm.gov.co,1,True,2024-12-19 11:27:04.454914,0.0010249614715576172,"(2024, 12, 4, 19, 16, 27, 4, 455)",OK
1,ntp1.inm.gov.co,1,True,2024-12-19 11:27:14.474460,0.002418994903564453,"(2024, 12, 4, 19, 16, 27, 14, 476)",OK
1,ntp1.inm.gov.co,1,True,2024-12-19 11:27:24.508866,0.001573801040649414,"(2024, 12, 4, 19, 16, 27, 24, 510)",OK
1,ntp1.inm.gov.co,1,True,2024-12-19 11:27:34.522189,0.0010709762573242188,"(2024, 12, 4, 19, 16, 27, 34, 523)",OK
1,ntp1.inm.gov.co,1,True,2024-12-19 11:27:44.559146,0.001276254653930664,"(2024, 12, 4, 19, 16, 27, 44, 560)",OK
1,ntp1.inm.gov.co,1,True,2024-12-19 11:27:54.585008,0.0014698505401611328,"(2024, 12, 4, 19, 16, 27, 54, 586)",OK
1,ntp1.inm.gov.co,1,True,2024-12-19 11:28:04.616647,0.0011935234069824219,"(2024, 12, 4, 19, 16, 28, 4, 617)",OK
1,ntp1.inm.gov.co,1,True,2024-12-19 11:28:14.634316,0.001432180404663086,"(2024, 12, 4, 19, 16, 28, 14, 635)",OK
1,ntp1.inm.gov.co,1,True,2024-12-19 11:28:24.668639,0.002215862274169922,"(2024, 12, 4, 19, 16, 28, 24, 670)",OK
1,ntp1.inm.gov.co,1,True,2024-12-19 11:28:34.686476,0.0022423267364501953,"(2024, 12, 4, 19, 16, 28, 34, 688)",OK
1,ntp1.inm.gov.co,1,True,2024-12-19 11:28:44.715659,0.002330780029296875,"(2024, 12, 4, 19, 16, 28, 44, 717)",OK
1,ntp1.inm.gov.co,1,True,2024-12-19 11:28:54.737256,0.0022110939025878906,"(2024, 12, 4, 19, 16, 28, 54, 739)",OK
1,ntp1.inm.gov.co,1,True,2024-12-19 11:29:04.770551,0.002280712127685547,"(2024, 12, 4, 19, 16, 29, 4, 772)",OK
1,ntp1.inm.gov.co,1,True,2024-12-19 11:29:14.784937,0.0012853145599365234,"(2024, 12, 4, 19, 16, 29, 14, 786)",OK
1,ntp1.inm.gov.co,1,True,2024-12-19 11:29:24.800901,0.0024547576904296875,"(2024, 12, 4, 19, 16, 29, 24, 803)",OK
1,ntp1.inm.gov.co,1,True,2024-12-19 11:29:34.827056,0.0011358261108398438,"(2024, 12, 4, 19, 16, 29, 34, 828)",OK
1,ntp1.inm.gov.co,1,True,2024-12-19 11:29:44.859159,0.0012171268463134766,"(2024, 12, 4, 19, 16, 29, 44, 860)",OK
1,ntp1.inm.gov.co,1,True,2024-12-19 11:29:54.883504,0.0021066665649414062,"(2024, 12, 4, 19, 16, 29, 54, 885)",OK
1,ntp1.inm.gov.co,1,True,2024-12-19 11:30:04.923439,0.0007352828979492188,"(2024, 12, 4, 19, 16, 30, 4, 924)",OK
1,ntp1.inm.gov.co,1,True,2024-12-19 11:30:14.944048,0.0017392635345458984,"(2024, 12, 4, 19, 16, 30, 14, 945)",OK
1,ntp1.inm.gov.co,1,True,2024-12-19 11:30:24.976981,0.0018749237060546875,"(2024, 12, 4, 19, 16, 30, 24, 978)",OK
1,ntp1.inm.gov.co,1,True,2024-12-19 11:39:36.447506,0.6693987846374512,"(2024, 12, 4, 19, 16, 39, 37, 116)",OK
1,ntp1.inm.gov.co,1,True,2024-12-19 11:39:47.130910,0.0019254684448242188,"(2024, 12, 4, 19, 16, 39, 47, 132)",OK
1,ntp1.inm.gov.co,1,True,2024-12-19 11:39:57.143994,0.001068115234375,"(2024, 12, 4, 19, 16, 39, 57, 145)",OK
1,ntp1.inm.gov.co,1,True,2024-12-19 11:40:07.161538,0.00012803077697753906,"(2024, 12, 4, 19, 16, 40, 7, 161)",OK
1,ntp1.inm.gov.co,1,True,2024-12-19 11:40:17.174848,0.00304412841796875,"(2024, 12, 4, 19, 16, 40, 17, 177)",OK
1,ntp1.inm.gov.co,1,True,2024-12-19 11:40:27.193155,4.291534423828125e-05,"(2024, 12, 4, 19, 16, 40, 27, 193)",OK
1,ntp1.inm.gov.co,1,True,2024-12-19 11:40:37.205056,0.0013916492462158203,"(2024, 12, 4, 19, 16, 40, 37, 206)",OK
1,ntp1.inm.gov.co,1,True,2024-12-19 11:40:47.218432,0.0010380744934082031,"(2024, 12, 4, 19, 16, 40, 47, 219)",OK
1,ntp1.inm.gov.co,1,True,2024-12-19 11:40:57.234792,0.0012214183807373047,"(2024, 12, 4, 19, 16, 40, 57, 236)",OK
1,ntp1.inm.gov.co,1,True,2024-12-19 11:41:07.281241,0.002602815628051758,"(2024, 12, 4, 19, 16, 41, 7, 283)",OK
1,ntp1.inm.gov.co,1,True,2024-12-19 11:41:17.297883,0.00035381317138671875,"(2024, 12, 4, 19, 16, 41, 17, 298)",OK
1,ntp1.inm.gov.co,1,True,2024-12-19 11:41:27.328533,0.0012407302856445312,"(2024, 12, 4, 19, 16, 41, 27, 329)",OK
1,ntp1.inm.gov.co,1,True,2024-12-19 11:41:37.349845,0.0008783340454101562,"(2024, 12, 4, 19, 16, 41, 37, 350)",OK
1,ntp1.inm.gov.co,1,True,2024-12-19 11:41:47.367664,0.0021033287048339844,"(2024, 12, 4, 19, 16, 41, 47, 369)",OK
1,ntp1.inm.gov.co,1,True,2024-12-19 11:41:57.385530,0.0013377666473388672,"(2024, 12, 4, 19, 16, 41, 57, 386)",OK
1,ntp1.inm.gov.co,1,True,2024-12-19 11:42:07.402134,0.0014231204986572266,"(2024, 12, 4, 19, 16, 42, 7, 403)",OK
1,ntp1.inm.gov.co,1,True,2024-12-19 11:42:17.441895,0.0015265941619873047,"(2024, 12, 4, 19, 16, 42, 17, 443)",OK
1,ntp1.inm.gov.co,1,True,2024-12-19 11:42:27.457521,0.0015306472778320312,"(2024, 12, 4, 19, 16, 42, 27, 459)",OK
1,ntp1.inm.gov.co,1,True,2024-12-19 11:42:37.481552,0.0013275146484375,"(2024, 12, 4, 19, 16, 42, 37, 482)",OK
1,ntp1.inm.gov.co,1,True,2024-12-19 11:42:47.500426,0.0013241767883300781,"(2024, 12, 4, 19, 16, 42, 47, 501)",OK
1,ntp1.inm.gov.co,1,True,2024-12-19 11:42:57.520873,0.0024230480194091797,"(2024, 12, 4, 19, 16, 42, 57, 523)",OK
1,ntp1.inm.gov.co,1,True,2024-12-19 11:43:07.546116,0.0007500648498535156,"(2024, 12, 4, 19, 16, 43, 7, 546)",OK
1,ntp1.inm.gov.co,1,True,2024-12-19 11:43:17.566358,0.0023860931396484375,"(2024, 12, 4, 19, 16, 43, 17, 568)",OK
1,ntp1.inm.gov.co,1,True,2024-12-19 11:43:27.600842,0.0009682178497314453,"(2024, 12, 4, 19, 16, 43, 27, 601)",OK
1,ntp1.inm.gov.co,1,True,2024-12-19 11:43:37.626670,0.002216339111328125,"(2024, 12, 4, 19, 16, 43, 37, 628)",OK
1,ntp1.inm.gov.co,1,True,2024-12-19 11:43:47.656130,0.0015337467193603516,"(2024, 12, 4, 19, 16, 43, 47, 657)",OK
1,ntp1.inm.gov.co,1,True,2024-12-19 11:43:57.667398,0.0013968944549560547,"(2024, 12, 4, 19, 16, 43, 57, 668)",OK
1,ntp1.inm.gov.co,1,True,2024-12-19 11:44:07.676991,0.0017390251159667969,"(2024, 12, 4, 19, 16, 44, 7, 678)",OK
1,ntp1.inm.gov.co,1,True,2024-12-19 11:44:17.696087,0.0017938613891601562,"(2024, 12, 4, 19, 16, 44, 17, 697)",OK
1,ntp1.inm.gov.co,1,True,2024-12-19 11:44:27.712573,0.0011162757873535156,"(2024, 12, 4, 19, 16, 44, 27, 713)",OK
1,ntp1.inm.gov.co,1,True,2024-12-19 11:44:37.730207,0.0027573108673095703,"(2024, 12, 4, 19, 16, 44, 37, 732)",OK
1,ntp1.inm.gov.co,1,True,2024-12-19 11:44:47.737049,0.0015387535095214844,"(2024, 12, 4, 19, 16, 44, 47, 738)",OK
1,ntp1.inm.gov.co,1,True,2024-12-19 11:44:57.769283,0.001153707504272461,"(2024, 12, 4, 19, 16, 44, 57, 770)",OK
1,ntp1.inm.gov.co,1,True,2024-12-19 11:45:07.785797,0.002222776412963867,"(2024, 12, 4, 19, 16, 45, 7, 788)",OK
1,ntp1.inm.gov.co,1,True,2024-12-19 11:45:17.817701,0.0006520748138427734,"(2024, 12, 4, 19, 16, 45, 17, 818)",OK
1,ntp1.inm.gov.co,1,True,2024-12-19 11:45:27.835059,0.0009722709655761719,"(2024, 12, 4, 19, 16, 45, 27, 836)",OK
1,ntp1.inm.gov.co,1,True,2024-12-19 11:45:37.840177,0.0020470619201660156,"(2024, 12, 4, 19, 16, 45, 37, 842)",OK
1,ntp1.inm.gov.co,1,True,2024-12-19 11:45:47.852468,0.0015377998352050781,"(2024, 12, 4, 19, 16, 45, 47, 854)",OK
1,ntp1.inm.gov.co,1,True,2024-12-19 11:45:57.861775,0.0009729862213134766,"(2024, 12, 4, 19, 16, 45, 57, 862)",OK
1,ntp1.inm.gov.co,1,True,2024-12-19 11:46:07.872989,0.0015096664428710938,"(2024, 12, 4, 19, 16, 46, 7, 874)",OK
1,ntp1.inm.gov.co,1,True,2024-12-19 11:46:17.901974,0.0012013912200927734,"(2024, 12, 4, 19, 16, 46, 17, 903)",OK
1,ntp1.inm.gov.co,1,True,2024-12-19 11:46:27.926056,0.0014214515686035156,"(2024, 12, 4, 19, 16, 46, 27, 927)",OK
1,ntp1.inm.gov.co,1,True,2024-12-19 11:46:37.940919,0.00171661376953125,"(2024, 12, 4, 19, 16, 46, 37, 942)",OK
1,ntp1.inm.gov.co,1,True,2024-12-19 11:46:47.965481,0.0007469654083251953,"(2024, 12, 4, 19, 16, 46, 47, 966)",OK
1,ntp1.inm.gov.co,1,True,2024-12-19 11:46:57.995932,0.0016775131225585938,"(2024, 12, 4, 19, 16, 46, 57, 997)",OK
1,ntp1.inm.gov.co,1,True,2024-12-19 11:47:08.010590,0.002086162567138672,"(2024, 12, 4, 19, 16, 47, 8, 12)",OK
1,ntp1.inm.gov.co,1,True,2024-12-19 11:47:18.034376,0.0014879703521728516,"(2024, 12, 4, 19, 16, 47, 18, 35)",OK
1,ntp1.inm.gov.co,1,True,2024-12-19 11:47:28.048373,0.0017120838165283203,"(2024, 12, 4, 19, 16, 47, 28, 50)",OK
1,ntp1.inm.gov.co,1,True,2024-12-19 11:47:38.068545,0.001977205276489258,"(2024, 12, 4, 19, 16, 47, 38, 70)",OK
1,ntp1.inm.gov.co,1,True,2024-12-19 11:47:48.082519,0.0011515617370605469,"(2024, 12, 4, 19, 16, 47, 48, 83)",OK
1,ntp1.inm.gov.co,1,True,2024-12-19 11:47:58.099824,0.0016443729400634766,"(2024, 12, 4, 19, 16, 47, 58, 101)",OK
1,ntp1.inm.gov.co,1,True,2024-12-19 11:48:08.126951,0.0007243156433105469,"(2024, 12, 4, 19, 16, 48, 8, 127)",OK
1,ntp1.inm.gov.co,1,True,2024-12-19 11:48:18.159512,0.0009660720825195312,"(2024, 12, 4, 19, 16, 48, 18, 160)",OK
1,ntp1.inm.gov.co,1,True,2024-12-19 11:48:28.172043,0.0021762847900390625,"(2024, 12, 4, 19, 16, 48, 28, 174)",OK
1,ntp1.inm.gov.co,1,True,2024-12-19 11:48:38.198738,0.0012295246124267578,"(2024, 12, 4, 19, 16, 48, 38, 199)",OK
1,ntp1.inm.gov.co,1,True,2024-12-19 11:48:48.206516,0.0020246505737304688,"(2024, 12, 4, 19, 16, 48, 48, 208)",OK
1,ntp1.inm.gov.co,1,True,2024-12-19 11:48:58.222073,0.0018301010131835938,"(2024, 12, 4, 19, 16, 48, 58, 223)",OK
1,ntp1.inm.gov.co,1,True,2024-12-19 11:49:08.232000,0.0021538734436035156,"(2024, 12, 4, 19, 16, 49, 8, 234)",OK
1,ntp1.inm.gov.co,1,True,2024-12-19 11:49:18.250535,0.00042247772216796875,"(2024, 12, 4, 19, 16, 49, 18, 250)",OK
1,ntp1.inm.gov.co,1,True,2024-12-19 11:49:28.269235,0.0019228458404541016,"(2024, 12, 4, 19, 16, 49, 28, 271)",OK
1,ntp1.inm.gov.co,1,True,2024-12-19 11:49:38.290050,0.0016741752624511719,"(2024, 12, 4, 19, 16, 49, 38, 291)",OK
1,ntp1.inm.gov.co,1,True,2024-12-19 11:49:48.310997,0.0016837120056152344,"(2024, 12, 4, 19, 16, 49, 48, 312)",OK
1,ntp1.inm.gov.co,1,True,2024-12-19 11:49:58.318839,0.0012063980102539062,"(2024, 12, 4, 19, 16, 49, 58, 320)",OK
1,ntp1.inm.gov.co,1,True,2024-12-19 11:50:08.341490,0.00038433074951171875,"(2024, 12, 4, 19, 16, 50, 8, 341)",OK
1,ntp1.inm.gov.co,1,True,2024-12-19 11:50:18.362195,0.0017535686492919922,"(2024, 12, 4, 19, 16, 50, 18, 363)",OK
1,ntp1.inm.gov.co,1,True,2024-12-19 11:50:28.381862,0.0017671585083007812,"(2024, 12, 4, 19, 16, 50, 28, 383)",OK
1,ntp1.inm.gov.co,1,True,2024-12-19 11:50:38.399426,0.0019218921661376953,"(2024, 12, 4, 19, 16, 50, 38, 401)",OK
1,ntp1.inm.gov.co,1,True,2024-12-19 11:50:48.414984,0.002157449722290039,"(2024, 12, 4, 19, 16, 50, 48, 417)",OK
1,ntp1.inm.gov.co,1,True,2024-12-19 11:50:58.441953,0.0014712810516357422,"(2024, 12, 4, 19, 16, 50, 58, 443)",OK
1,ntp1.inm.gov.co,1,True,2024-12-19 11:51:08.459493,0.001039266586303711,"(2024, 12, 4, 19, 16, 51, 8, 460)",OK
1,ntp1.inm.gov.co,1,True,2024-12-19 11:51:18.471298,0.001678466796875,"(2024, 12, 4, 19, 16, 51, 18, 472)",OK
1,ntp1.inm.gov.co,1,True,2024-12-19 11:51:28.486965,0.001787424087524414,"(2024, 12, 4, 19, 16, 51, 28, 488)",OK
1,ntp1.inm.gov.co,1,True,2024-12-19 11:51:38.504593,0.0025675296783447266,"(2024, 12, 4, 19, 16, 51, 38, 507)",OK
1,ntp1.inm.gov.co,1,True,2024-12-19 11:51:48.526755,0.0012760162353515625,"(2024, 12, 4, 19, 16, 51, 48, 528)",OK
1,ntp1.inm.gov.co,1,True,2024-12-19 11:51:58.543224,0.0010182857513427734,"(2024, 12, 4, 19, 16, 51, 58, 544)",OK
1,ntp1.inm.gov.co,1,True,2024-12-19 11:52:08.576790,0.0012197494506835938,"(2024, 12, 4, 19, 16, 52, 8, 578)",OK
1,ntp1.inm.gov.co,1,True,2024-12-19 11:52:18.600127,0.0009200572967529297,"(2024, 12, 4, 19, 16, 52, 18, 601)",OK
1,ntp1.inm.gov.co,1,True,2024-12-19 11:52:28.608868,0.0011935234069824219,"(2024, 12, 4, 19, 16, 52, 28, 610)",OK
1,ntp1.inm.gov.co,1,True,2024-12-19 11:52:38.627765,0.000993967056274414,"(2024, 12, 4, 19, 16, 52, 38, 628)",OK
1,ntp1.inm.gov.co,1,True,2024-12-19 11:52:48.645969,0.0031614303588867188,"(2024, 12, 4, 19, 16, 52, 48, 649)",OK
1,ntp1.inm.gov.co,1,True,2024-12-19 11:52:58.680248,-0.0003485679626464844,"(2024, 12, 4, 19, 16, 52, 58, 679)",OK
1,ntp1.inm.gov.co,1,True,2024-12-19 11:53:08.688918,0.0019364356994628906,"(2024, 12, 4, 19, 16, 53, 8, 690)",OK
1,ntp1.inm.gov.co,1,True,2024-12-19 11:53:18.716203,0.0016772747039794922,"(2024, 12, 4, 19, 16, 53, 18, 717)",OK
1,ntp1.inm.gov.co,1,True,2024-12-19 11:53:28.742795,0.0018477439880371094,"(2024, 12, 4, 19, 16, 53, 28, 744)",OK
1,ntp1.inm.gov.co,1,True,2024-12-19 11:53:38.761742,0.0021333694458007812,"(2024, 12, 4, 19, 16, 53, 38, 763)",OK
1,ntp1.inm.gov.co,1,True,2024-12-19 11:53:48.793404,0.0017654895782470703,"(2024, 12, 4, 19, 16, 53, 48, 795)",OK
1,ntp1.inm.gov.co,1,True,2024-12-19 11:53:58.809329,0.0007412433624267578,"(2024, 12, 4, 19, 16, 53, 58, 810)",OK
1,ntp1.inm.gov.co,1,True,2024-12-19 11:54:08.832310,0.00156402587890625,"(2024, 12, 4, 19, 16, 54, 8, 833)",OK
1,ntp1.inm.gov.co,1,True,2024-12-19 11:54:18.847684,0.0015649795532226562,"(2024, 12, 4, 19, 16, 54, 18, 849)",OK
1,ntp1.inm.gov.co,1,True,2024-12-19 11:54:28.883978,0.0017535686492919922,"(2024, 12, 4, 19, 16, 54, 28, 885)",OK
1,ntp1.inm.gov.co,1,True,2024-12-19 11:54:38.901586,0.0014348030090332031,"(2024, 12, 4, 19, 16, 54, 38, 903)",OK
1,ntp1.inm.gov.co,1,True,2024-12-19 11:54:48.943847,0.0014300346374511719,"(2024, 12, 4, 19, 16, 54, 48, 945)",OK
1,ntp1.inm.gov.co,1,True,2024-12-19 11:54:58.964627,0.0013990402221679688,"(2024, 12, 4, 19, 16, 54, 58, 966)",OK
1,ntp1.inm.gov.co,1,True,2024-12-19 11:55:09.006618,0.0013778209686279297,"(2024, 12, 4, 19, 16, 55, 9, 7)",OK
1,ntp1.inm.gov.co,1,True,2024-12-19 11:55:19.026486,0.0020914077758789062,"(2024, 12, 4, 19, 16, 55, 19, 28)",OK
1,ntp1.inm.gov.co,1,True,2024-12-19 11:55:29.050014,0.0012814998626708984,"(2024, 12, 4, 19, 16, 55, 29, 51)",OK
1,ntp1.inm.gov.co,1,True,2024-12-19 11:55:39.076249,0.0005800724029541016,"(2024, 12, 4, 19, 16, 55, 39, 76)",OK
1,ntp1.inm.gov.co,1,True,2024-12-19 11:55:49.101495,0.0018563270568847656,"(2024, 12, 4, 19, 16, 55, 49, 103)",OK
1,ntp1.inm.gov.co,1,True,2024-12-19 11:55:59.113274,0.0004947185516357422,"(2024, 12, 4, 19, 16, 55, 59, 113)",OK
1,ntp1.inm.gov.co,1,True,2024-12-19 11:56:09.127251,0.002115488052368164,"(2024, 12, 4, 19, 16, 56, 9, 129)",OK
1,ntp1.inm.gov.co,1,True,2024-12-19 11:56:19.147947,0.0009508132934570312,"(2024, 12, 4, 19, 16, 56, 19, 148)",OK
1,ntp1.inm.gov.co,1,True,2024-12-19 11:56:29.153865,0.0018343925476074219,"(2024, 12, 4, 19, 16, 56, 29, 155)",OK
1,ntp1.inm.gov.co,1,True,2024-12-19 11:56:39.174945,0.0006365776062011719,"(2024, 12, 4, 19, 16, 56, 39, 175)",OK
1,ntp1.inm.gov.co,1,True,2024-12-19 11:56:49.199521,0.0014960765838623047,"(2024, 12, 4, 19, 16, 56, 49, 201)",OK
1,ntp1.inm.gov.co,1,True,2024-12-19 11:56:59.219408,0.0008404254913330078,"(2024, 12, 4, 19, 16, 56, 59, 220)",OK
1,ntp1.inm.gov.co,1,True,2024-12-19 11:57:09.256323,0.0011014938354492188,"(2024, 12, 4, 19, 16, 57, 9, 257)",OK
1,ntp1.inm.gov.co,1,True,2024-12-19 11:57:19.276257,0.0011560916900634766,"(2024, 12, 4, 19, 16, 57, 19, 277)",OK
1,ntp1.inm.gov.co,1,True,2024-12-19 11:57:29.290297,0.0013663768768310547,"(2024, 12, 4, 19, 16, 57, 29, 291)",OK
1,ntp1.inm.gov.co,1,True,2024-12-19 11:57:39.301752,0.0016567707061767578,"(2024, 12, 4, 19, 16, 57, 39, 303)",OK
1,ntp1.inm.gov.co,1,True,2024-12-19 11:57:49.321979,0.0002434253692626953,"(2024, 12, 4, 19, 16, 57, 49, 322)",OK
1,ntp1.inm.gov.co,1,True,2024-12-19 11:57:59.338918,0.0012710094451904297,"(2024, 12, 4, 19, 16, 57, 59, 340)",OK
1,ntp1.inm.gov.co,1,True,2024-12-19 11:58:09.356804,0.0006413459777832031,"(2024, 12, 4, 19, 16, 58, 9, 357)",OK
1,ntp1.inm.gov.co,1,True,2024-12-19 11:58:19.400833,0.001058340072631836,"(2024, 12, 4, 19, 16, 58, 19, 401)",OK
1,ntp1.inm.gov.co,1,True,2024-12-19 11:58:29.428302,0.002293825149536133,"(2024, 12, 4, 19, 16, 58, 29, 430)",OK
1,ntp1.inm.gov.co,1,True,2024-12-19 11:58:39.451450,0.0017590522766113281,"(2024, 12, 4, 19, 16, 58, 39, 453)",OK
1,ntp1.inm.gov.co,1,True,2024-12-19 11:58:49.472312,0.0007765293121337891,"(2024, 12, 4, 19, 16, 58, 49, 473)",OK
1,ntp1.inm.gov.co,1,True,2024-12-19 11:58:59.496147,0.0016078948974609375,"(2024, 12, 4, 19, 16, 58, 59, 497)",OK
1,ntp1.inm.gov.co,1,True,2024-12-19 11:59:09.516900,0.002180814743041992,"(2024, 12, 4, 19, 16, 59, 9, 519)",OK
1,ntp1.inm.gov.co,1,True,2024-12-19 11:59:19.535133,0.0011191368103027344,"(2024, 12, 4, 19, 16, 59, 19, 536)",OK
1,ntp1.inm.gov.co,1,True,2024-12-19 11:59:29.568776,0.0005331039428710938,"(2024, 12, 4, 19, 16, 59, 29, 569)",OK
1,ntp1.inm.gov.co,1,True,2024-12-19 11:59:39.586549,0.0006556510925292969,"(2024, 12, 4, 19, 16, 59, 39, 587)",OK
1,ntp1.inm.gov.co,1,True,2024-12-19 11:59:49.603638,0.001186370849609375,"(2024, 12, 4, 19, 16, 59, 49, 604)",OK
1,ntp1.inm.gov.co,1,True,2024-12-19 11:59:59.625673,0.0014083385467529297,"(2024, 12, 4, 19, 16, 59, 59, 627)",OK
1,ntp1.inm.gov.co,1,True,2024-12-19 12:00:09.651517,0.00089263916015625,"(2024, 12, 4, 19, 17, 0, 9, 652)",OK
1,ntp1.inm.gov.co,1,True,2024-12-19 12:00:19.662905,0.0016281604766845703,"(2024, 12, 4, 19, 17, 0, 19, 664)",OK
1,ntp1.inm.gov.co,1,True,2024-12-19 12:00:29.689831,0.0026450157165527344,"(2024, 12, 4, 19, 17, 0, 29, 692)",OK
1,ntp1.inm.gov.co,1,True,2024-12-19 12:00:39.703715,0.002086639404296875,"(2024, 12, 4, 19, 17, 0, 39, 705)",OK
1,ntp1.inm.gov.co,1,True,2024-12-19 12:00:49.730640,0.0009713172912597656,"(2024, 12, 4, 19, 17, 0, 49, 731)",OK
1,ntp1.inm.gov.co,1,True,2024-12-19 12:00:59.752997,0.0025374889373779297,"(2024, 12, 4, 19, 17, 0, 59, 755)",OK
1,ntp1.inm.gov.co,1,True,2024-12-19 12:01:09.787086,0.0006923675537109375,"(2024, 12, 4, 19, 17, 1, 9, 787)",OK
1,ntp1.inm.gov.co,1,True,2024-12-19 12:01:19.795768,0.0011436939239501953,"(2024, 12, 4, 19, 17, 1, 19, 796)",OK
1,ntp1.inm.gov.co,1,True,2024-12-19 12:01:29.827123,0.0021924972534179688,"(2024, 12, 4, 19, 17, 1, 29, 829)",OK
1,ntp1.inm.gov.co,1,True,2024-12-19 12:01:39.850001,0.0004906654357910156,"(2024, 12, 4, 19, 17, 1, 39, 850)",OK
1,ntp1.inm.gov.co,1,True,2024-12-19 12:01:49.882275,0.0015020370483398438,"(2024, 12, 4, 19, 17, 1, 49, 883)",OK
1,ntp1.inm.gov.co,1,True,2024-12-19 12:01:59.895549,0.0015268325805664062,"(2024, 12, 4, 19, 17, 1, 59, 897)",OK
1,ntp1.inm.gov.co,1,True,2024-12-19 12:02:09.922187,0.000982046127319336,"(2024, 12, 4, 19, 17, 2, 9, 923)",OK
1,ntp1.inm.gov.co,1,True,2024-12-19 12:02:19.942924,0.0013287067413330078,"(2024, 12, 4, 19, 17, 2, 19, 944)",OK
1,ntp1.inm.gov.co,1,True,2024-12-19 12:02:29.963350,0.0008721351623535156,"(2024, 12, 4, 19, 17, 2, 29, 964)",OK
1,ntp1.inm.gov.co,1,True,2024-12-19 12:02:39.980399,0.0010902881622314453,"(2024, 12, 4, 19, 17, 2, 39, 981)",OK
1,ntp1.inm.gov.co,1,True,2024-12-19 12:02:49.991225,0.0021767616271972656,"(2024, 12, 4, 19, 17, 2, 49, 993)",OK
1,ntp1.inm.gov.co,1,True,2024-12-19 12:03:00.009974,0.0015294551849365234,"(2024, 12, 4, 19, 17, 3, 0, 11)",OK
1,ntp1.inm.gov.co,1,True,2024-12-19 12:03:10.032699,0.0013811588287353516,"(2024, 12, 4, 19, 17, 3, 10, 34)",OK
1,ntp1.inm.gov.co,1,True,2024-12-19 12:03:20.068758,0.0009148120880126953,"(2024, 12, 4, 19, 17, 3, 20, 69)",OK
1,ntp1.inm.gov.co,1,True,2024-12-19 12:03:30.080656,0.0015017986297607422,"(2024, 12, 4, 19, 17, 3, 30, 82)",OK
1,ntp1.inm.gov.co,1,True,2024-12-19 12:03:40.095603,0.0015938282012939453,"(2024, 12, 4, 19, 17, 3, 40, 97)",OK
1,ntp1.inm.gov.co,1,True,2024-12-19 12:03:50.119099,0.0011522769927978516,"(2024, 12, 4, 19, 17, 3, 50, 120)",OK
1,ntp1.inm.gov.co,1,True,2024-12-19 12:04:00.131742,0.0005478858947753906,"(2024, 12, 4, 19, 17, 4, 0, 132)",OK
1,ntp1.inm.gov.co,1,True,2024-12-19 12:04:10.165780,0.0015125274658203125,"(2024, 12, 4, 19, 17, 4, 10, 167)",OK
1,ntp1.inm.gov.co,1,True,2024-12-19 12:04:20.184444,0.0013608932495117188,"(2024, 12, 4, 19, 17, 4, 20, 185)",OK
1,ntp1.inm.gov.co,1,True,2024-12-19 12:04:30.204552,0.0014944076538085938,"(2024, 12, 4, 19, 17, 4, 30, 206)",OK
1,ntp1.inm.gov.co,1,True,2024-12-19 12:04:40.226565,0.0011973381042480469,"(2024, 12, 4, 19, 17, 4, 40, 227)",OK
1,ntp1.inm.gov.co,1,True,2024-12-19 12:04:50.234931,0.0022742748260498047,"(2024, 12, 4, 19, 17, 4, 50, 237)",OK
1,ntp1.inm.gov.co,1,True,2024-12-19 12:05:00.257480,0.00025272369384765625,"(2024, 12, 4, 19, 17, 5, 0, 257)",OK
1,ntp1.inm.gov.co,1,True,2024-12-19 12:05:10.291706,0.0016951560974121094,"(2024, 12, 4, 19, 17, 5, 10, 293)",OK
1,ntp1.inm.gov.co,1,True,2024-12-19 12:05:20.305173,0.0021228790283203125,"(2024, 12, 4, 19, 17, 5, 20, 307)",OK
1,ntp1.inm.gov.co,1,True,2024-12-19 12:05:30.342541,0.001031637191772461,"(2024, 12, 4, 19, 17, 5, 30, 343)",OK
1,ntp1.inm.gov.co,1,True,2024-12-19 12:05:40.352816,0.0019631385803222656,"(2024, 12, 4, 19, 17, 5, 40, 354)",OK
1,ntp1.inm.gov.co,1,True,2024-12-19 12:05:50.369145,0.0020856857299804688,"(2024, 12, 4, 19, 17, 5, 50, 371)",OK
1,ntp1.inm.gov.co,1,True,2024-12-19 12:06:00.407218,0.001180887222290039,"(2024, 12, 4, 19, 17, 6, 0, 408)",OK
1,ntp1.inm.gov.co,1,True,2024-12-19 12:06:10.416322,0.0021524429321289062,"(2024, 12, 4, 19, 17, 6, 10, 418)",OK
1,ntp1.inm.gov.co,1,True,2024-12-19 12:06:20.422747,0.0006411075592041016,"(2024, 12, 4, 19, 17, 6, 20, 423)",OK
1,ntp1.inm.gov.co,1,True,2024-12-19 12:06:30.430446,0.0014791488647460938,"(2024, 12, 4, 19, 17, 6, 30, 431)",OK
1,ntp1.inm.gov.co,1,True,2024-12-19 12:06:40.436614,0.002061128616333008,"(2024, 12, 4, 19, 17, 6, 40, 438)",OK
1,ntp1.inm.gov.co,1,True,2024-12-19 12:06:50.451947,0.0011248588562011719,"(2024, 12, 4, 19, 17, 6, 50, 453)",OK
1,ntp1.inm.gov.co,1,True,2024-12-19 12:07:00.486244,0.00041747093200683594,"(2024, 12, 4, 19, 17, 7, 0, 486)",OK
1,ntp1.inm.gov.co,1,True,2024-12-19 12:07:10.508956,0.002144336700439453,"(2024, 12, 4, 19, 17, 7, 10, 511)",OK
1,ntp1.inm.gov.co,1,True,2024-12-19 12:07:20.532272,0.001186370849609375,"(2024, 12, 4, 19, 17, 7, 20, 533)",OK
1,ntp1.inm.gov.co,1,True,2024-12-19 12:07:30.547602,0.0018634796142578125,"(2024, 12, 4, 19, 17, 7, 30, 549)",OK
1,ntp1.inm.gov.co,1,True,2024-12-19 12:07:40.573508,0.001216888427734375,"(2024, 12, 4, 19, 17, 7, 40, 574)",OK
1,ntp1.inm.gov.co,1,True,2024-12-19 12:07:50.583401,0.0011296272277832031,"(2024, 12, 4, 19, 17, 7, 50, 584)",OK
1,ntp1.inm.gov.co,1,True,2024-12-19 12:08:00.605858,0.0016613006591796875,"(2024, 12, 4, 19, 17, 8, 0, 607)",OK
1,ntp1.inm.gov.co,1,True,2024-12-19 12:08:10.629519,0.0015919208526611328,"(2024, 12, 4, 19, 17, 8, 10, 631)",OK
1,ntp1.inm.gov.co,1,True,2024-12-19 12:08:20.670730,0.0009369850158691406,"(2024, 12, 4, 19, 17, 8, 20, 671)",OK
1,ntp1.inm.gov.co,1,True,2024-12-19 12:08:30.683430,0.001871347427368164,"(2024, 12, 4, 19, 17, 8, 30, 685)",OK
1,ntp1.inm.gov.co,1,True,2024-12-19 12:08:40.698733,0.002344846725463867,"(2024, 12, 4, 19, 17, 8, 40, 701)",OK
1,ntp1.inm.gov.co,1,True,2024-12-19 12:08:50.714638,0.0010340213775634766,"(2024, 12, 4, 19, 17, 8, 50, 715)",OK
1,ntp1.inm.gov.co,1,True,2024-12-19 12:09:00.735336,0.001435995101928711,"(2024, 12, 4, 19, 17, 9, 0, 736)",OK
1,ntp1.inm.gov.co,1,True,2024-12-19 12:09:10.750729,0.001970529556274414,"(2024, 12, 4, 19, 17, 9, 10, 752)",OK
1,ntp1.inm.gov.co,1,True,2024-12-19 12:09:20.784621,0.0015680789947509766,"(2024, 12, 4, 19, 17, 9, 20, 786)",OK
1,ntp1.inm.gov.co,1,True,2024-12-19 12:09:30.798530,0.0016913414001464844,"(2024, 12, 4, 19, 17, 9, 30, 800)",OK
1,ntp1.inm.gov.co,1,True,2024-12-19 12:09:40.818598,0.0019576549530029297,"(2024, 12, 4, 19, 17, 9, 40, 820)",OK
1,ntp1.inm.gov.co,1,True,2024-12-19 12:09:50.843502,0.0008761882781982422,"(2024, 12, 4, 19, 17, 9, 50, 844)",OK
1,ntp1.inm.gov.co,1,True,2024-12-19 12:10:00.855070,0.002557516098022461,"(2024, 12, 4, 19, 17, 10, 0, 857)",OK
1,ntp1.inm.gov.co,1,True,2024-12-19 12:10:10.876066,0.0015790462493896484,"(2024, 12, 4, 19, 17, 10, 10, 877)",OK
1,ntp1.inm.gov.co,1,True,2024-12-19 12:10:20.903000,0.0015401840209960938,"(2024, 12, 4, 19, 17, 10, 20, 904)",OK
1,ntp1.inm.gov.co,1,True,2024-12-19 12:10:30.922741,0.0014324188232421875,"(2024, 12, 4, 19, 17, 10, 30, 924)",OK
1,ntp1.inm.gov.co,1,True,2024-12-19 12:10:40.944264,0.0014371871948242188,"(2024, 12, 4, 19, 17, 10, 40, 945)",OK
1,ntp1.inm.gov.co,1,True,2024-12-19 12:10:50.955397,0.0018312931060791016,"(2024, 12, 4, 19, 17, 10, 50, 957)",OK
1,ntp1.inm.gov.co,1,True,2024-12-19 12:11:00.978976,0.0006730556488037109,"(2024, 12, 4, 19, 17, 11, 0, 979)",OK
1,ntp1.inm.gov.co,1,True,2024-12-19 12:11:11.000988,0.0008862018585205078,"(2024, 12, 4, 19, 17, 11, 11, 1)",OK
1,ntp1.inm.gov.co,1,True,2024-12-19 12:11:21.014804,0.001897573471069336,"(2024, 12, 4, 19, 17, 11, 21, 16)",OK
1,ntp1.inm.gov.co,1,True,2024-12-19 12:11:31.056661,0.00201416015625,"(2024, 12, 4, 19, 17, 11, 31, 58)",OK
1,ntp1.inm.gov.co,1,True,2024-12-19 12:11:41.077638,0.0008029937744140625,"(2024, 12, 4, 19, 17, 11, 41, 78)",OK
1,ntp1.inm.gov.co,1,True,2024-12-19 12:11:51.096307,0.0013551712036132812,"(2024, 12, 4, 19, 17, 11, 51, 97)",OK
1,ntp1.inm.gov.co,1,True,2024-12-19 12:12:01.129028,0.0015003681182861328,"(2024, 12, 4, 19, 17, 12, 1, 130)",OK
1,ntp1.inm.gov.co,1,True,2024-12-19 12:12:11.150110,0.0022013187408447266,"(2024, 12, 4, 19, 17, 12, 11, 152)",OK
1,ntp1.inm.gov.co,1,True,2024-12-19 12:12:21.187045,0.0017855167388916016,"(2024, 12, 4, 19, 17, 12, 21, 188)",OK
1,ntp1.inm.gov.co,1,True,2024-12-19 12:12:31.200739,0.0012559890747070312,"(2024, 12, 4, 19, 17, 12, 31, 201)",OK
1,ntp1.inm.gov.co,1,True,2024-12-19 12:12:41.222826,0.0017879009246826172,"(2024, 12, 4, 19, 17, 12, 41, 224)",OK
1,ntp1.inm.gov.co,1,True,2024-12-19 12:12:51.242718,0.0020170211791992188,"(2024, 12, 4, 19, 17, 12, 51, 244)",OK
1,ntp1.inm.gov.co,1,True,2024-12-19 12:13:01.259014,0.0016710758209228516,"(2024, 12, 4, 19, 17, 13, 1, 260)",OK
1,ntp1.inm.gov.co,1,True,2024-12-19 12:13:11.272309,0.0022792816162109375,"(2024, 12, 4, 19, 17, 13, 11, 274)",OK
